0,0.0243134205202929,0.466494483873236,-0.452763901322764,0.011345244787362,0.241484204229692,0.0669098776290438,-0.0231351538656641,-0.0941481538711762,0.136817876461834,-0.0312592702602878,-0.099615014948173,0.10099207603236,-0.00524837705194553,-0.0948129122092503,-0.0624463740071241,0.0167538446033255,-0.0157564356285389,0.0957943731955442,-0.0106003816603121,0.0763481976719828,-0.0564667203000481,0.00792428307194224,0.0664433710489392,0.0216641119257138,-0.0110822574854431,0.0414568650747315,0.0259757187982743,0.0137076055219962,-0.0198598945838542,0.0439269148485405,-0.0386157472097603,-0.0374030684400481,-0.0380555913148814,0.00129875831244781,0.00719783383056015,0.00902918607915736,-0.00658666820643153,0.0399366848054234,-0.0163069711933391,-0.00523605684926057,-0.05038577140014,-0.00826765803341997,-0.00760498892220957,0.0095349591314172,0.0240134537042372,-0.0073020963043368,0.032542229352507,0.0244390168569631,-0.00175610698883065,-0.00363595406980305,-0.0229392564244832,-0.0141403385668482,-0.0374049702362413,0.0120499009007908,-0.027065796519969,-0.044776987332495,0.00519034974200153,-0.00179755756737449,-0.00418989183648757,-0.00646116727822216,0.00884996013878923,0.00513983741401727,0.00461622941999958
0.0332739168197607,-0.00172132186477378,0.187685404475347,0.305854606356417,-0.353710713621546,0.0768991674514684,0.0458010908349809,-0.163935086861844,-0.0122010290986508,-0.0329685338521944,0.158955008210074,-0.0348851284270541,-0.041743710765085,0.0511110581893002,0.00701775125547914,0.0377911007915818,-0.109207329512642,-0.0203454589937271,-0.0674348440541895,0.0240884492968626,0.0156439124988343,0.0815573322840824,0.034400120384931,-0.0103025355499269,-0.00064704539214282,-0.0208904969472688,-0.0127789191431077,0.000228719951984373,0.0438524494530633,0.00329234119081311,-0.0353960875679308,-0.0397037534420783,0.00282210291270997,0.053244564387252,0.0334354054402759,-0.0243458144763769,-0.0322804255306694,0.00180345825450585,-0.0252123127226668,0.00239139138342551,0.00198037731249571,-0.00394219055577997,0.00537154731006815,0.000923398043285678,0.00659972851309158,-0.0271042388609216,-0.0249337807835303,-0.01738907633576,-0.015171315296665,0.015455217851903,-0.0165187125021092,0.026965438861866,-0.0254397330420697,0.0192219778063581,-0.00990808219795107,-0.0286311189846115,0.00553536266425803,0.0324056003377856,0.0125045739738876,0.00485949666838425,0.00875514084134832,-0.00164057160001605,-0.0125626651915733,0.0113388689942614
0.0863878543325313,0.0589616508275205,0.00585715815115651,0.0736175537997471,0.165371492622641,-0.344781286593257,0.0234853034120718,0.203714995468973,-0.0171414504054364,0.0101686817005502,-0.119631161020287,0.141258830159065,0.00486707781905174,-0.100556064513145,0.124750240101338,0.0138362570395744,0.0632216001576986,0.107534917672466,-0.0191423636176004,-0.0648057244593282,-0.0715032290680254,0.0131462953934157,-0.0762884111828539,-0.00871980856256889,0.00331933760947016,0.0130271492779662,0.00742800591820724,-0.0120573825009703,-0.0580297862222633,0.0609986381366494,0.000169623868696145,0.0591323666333435,0.00253854424010604,0.0030192235543445,-0.0286719567390555,0.00933324536379194,0.000675113096103935,0.00787351982286507,-0.0429965441362447,0.00419797806438536,0.0194908737550375,0.0165731455651341,-0.00676323570859204,-0.0294102367146307,0.0365586682493665,-0.00493387958335694,0.047930496318722,-0.0303525030395447,-0.0049852384846514,-0.028306823771867,-0.0347431389013811,-0.00616686363137932,0.0284193760439848,0.0171289576414645,0.0235413307247565,0.0185622481895315,-0.000472597928617832,0.000806210822436813,-0.0399109671208736,0.030192425599138,0.00607406713395318,0.000942041770275766,-0.0223303829666366,-0.0226377850971035
-0.164400195142569,0.0368073955141011,-0.0032952619075897,0.0393608953368838,0.00335266549505083,0.148877768715303,-0.22724681877054,0.0516272658218475,0.0460879276101313,-0.137687614585289,-0.0747762090052674,-0.048898926193745,-0.0821477934977692,-0.0361107808914274,-0.101515764173975,0.0490730278306509,0.0394090564956448,-0.0714045929225627,0.0199595459530702,-0.0264747692318508,0.0448133812544997,-0.0106122940635304,-0.00554074216176195,-0.0161998452114783,-0.0483909177483174,-0.0271500521999764,-0.0250996396595572,-0.048489940263194,-0.0070028407764058,-0.0588434427193555,-0.0421442561272043,-0.00748951863184025,0.0233824139546374,-0.044064621239442,-0.0097694457459355,-0.0277431989555638,0.0541047165801997,-0.0037948150494234,0.0533894286690871,0.0236527422211922,0.00495127292456546,0.0090316629886711,0.0201861929272837,-0.00381316973132141,-0.0188440366015967,0.0239190989831076,-0.00551189422645618,0.0170982019299438,-0.033897713042565,0.00329080801119717,0.0165138967476466,-0.00281722687438276,-0.0173591962015756,-0.0104309829697839,0.0262670581069647,-0.0144231040001067,0.00906397389775375,-0.0327180383864696,0.0240761845879567,-0.0263003507389926,0.0158326273742183,-0.0112714023477235,0.0370605282415492,-0.0184564817081696
0.0265940171031207,-0.164812743796389,0.0148368883910975,0.00691832808417906,-0.344823707691129,0.0673139160034889,0.199795531854666,-0.214203195964999,0.136310791200474,0.0733081138207937,0.126180796059758,-0.0124367640805444,0.0899473127894369,0.139610444685269,-0.0231763840216371,-0.0897703883018209,-0.0449971414042649,-0.0635765500947563,0.0228100568385848,0.0769607416567471,0.00259600078410497,-0.026740083952993,0.0725317298847742,0.0022824462263095,0.028110523083704,0.0666106550335086,-0.0340951705247904,0.0498681178561802,0.0679056185841988,0.000196485184115912,0.0441585789730592,-0.0208188071618894,0.0186012883674732,0.0248932624662044,-0.0407442392169306,0.00578080724775903,-0.0274325634211835,-0.0545737891924711,-0.020475246683791,-0.0343414553104904,-0.0399888993442799,0.02173382867784,-0.0211575711833037,0.0430772683106042,-0.00828459008035631,-0.0522389105131561,-0.0191955456279714,0.00648439156598646,0.0186636395112289,0.0546955893884371,0.00329587202989012,-0.0124668727167572,-0.0115199814482408,0.003805234214089,-0.0347220625607601,0.00390802779806156,0.00104450156398427,0.00506610029541023,0.0332682381766309,0.0102490405889105,-0.0322529413489925,-0.024304532635763,0.00920062228716664,0.0346019333386552
0.107191173771436,0.0892463113264148,-0.021363455444786,0.00552095513148654,-0.000141708751008517,-0.0967320650322101,0.0852537666627429,0.114599827379253,-0.210337340400719,0.126658393107003,-0.00548040542271478,-0.0304765315970183,0.0797161277439719,-0.0840840371895761,-0.012974319820461,-0.025422110777,-0.00908426508048817,0.0738443097831933,0.0304059179511577,-0.0280868981455343,0.030825974215804,-0.0270703839685157,-0.0500463700943613,0.0738194027569972,0.0397246789187786,-0.0594345942318751,0.065808518230436,0.0159995936524239,-0.0342206475567796,0.0362277697735112,0.00329081930071268,0.00714661088270835,-0.0605876180362519,0.00779648597383285,0.0399054551024762,0.0560251731028393,-0.0172874778273338,0.030169452129845,-0.00954525891518366,0.00756950615036377,0.0227077451475472,-0.0392277270108201,-0.0286038061426924,-0.0300682373297823,0.0271981348111931,0.00941460244109664,0.0191331535400465,0.0293285019669415,0.00881012957489711,-0.010935965278836,-0.0175618354850844,-0.011268819207703,-0.00342378869901669,-0.0160973378415463,0.00663824470498004,-0.0197744742789993,-0.0231862276335065,0.0110248936520921,-0.00445365487776182,0.0341980897280524,0.000451277717855776,0.0364753230264313,0.00797900971714512,-0.0142850116836996
-0.0542886481249101,0.0683898998805208,0.00998264211304738,0.0073817025899421,0.0138685391324171,0.00587751189812143,0.536607015013255,0.00398576263713796,0.038469601522929,-0.166638089859731,0.0403381075802344,0.0376586602475596,-0.14625972603007,-0.0161444448098639,0.0531683121567839,0.108071768460392,-0.0274727737797991,0.00454637966048277,-0.0980655439979642,-0.0129508084928144,-0.047043477389132,0.0920621354467149,-0.00613057172681903,-0.0627473198006398,-0.0524372486991295,-0.0465905748938509,-0.0331094226949858,-0.0641921524640719,-0.00188606224829889,0.0216198567231774,-0.0582757439693661,-0.000111649197927138,0.0292811693696174,0.0144775788318789,0.0226527301260702,-0.0331968997585835,0.0201253616716895,0.0135621991531229,-0.0116957140357563,0.0287941437805455,0.0271708396001635,0.0331276818389595,0.0405436969251049,0.00241257965746015,-0.0113842442554253,0.00860558194494667,0.0101871308120861,-0.0307515112341299,-0.0469131503661086,0.00853612803831327,-0.0156834215944275,0.0191107474090494,-0.00165692164161849,0.0323813916417437,0.0188907938477679,0.0139448647885971,0.0151462729968651,-0.00293266867522154,-0.00726208240313871,-0.014043665948601,0.018556270429339,0.0037377637438088,-0.0397500166890891,-0.00986789384096047
-0.00280480405359999,-0.0655484434884528,-0.00215422124471732,0.00200793297619399,0.00941522893517489,0.0244096650583658,-0.0155963637357665,-0.261708217667123,0.115234274060869,0.0114833779351728,-0.144882036521961,0.118074204387493,0.0259404941273986,-0.00805613241586454,0.0377547623274055,-0.0608079373930667,0.0707847363015817,0.0199590821864615,0.0380136949880916,-0.0126639118755091,-0.0480947441506005,-0.0415867833823686,-0.0194705771922381,-0.0127860307880601,0.00728045650492532,0.0645228510657046,-0.0241911081407756,0.0153260648591068,-0.0196956636759089,0.019011749743627,0.028186470262218,0.0320287250851687,0.0152141653495569,-0.0254137138451885,-0.0723461693357673,-0.00896772269320699,0.00937743057469233,-0.00873450751597146,-0.00855219482681893,-0.0228683359008875,-0.0336568059727984,0.015084548416364,-0.0198376598950197,0.00892742375907988,0.0136680340059154,0.0117772126459793,0.0127554077334504,0.0171155701895271,0.0147872055716315,-0.00422900661180921,-0.00179421906073562,-0.00705948375794631,0.0397662474796621,0.00883649956386558,-0.0031333244304288,0.0290093910140494,6.01122242187464e-05,-0.000822694556707636,0.0170756368816566,-0.0150488393676117,-0.0199995999009403,-0.0272496144259086,0.00473925488754294,-0.0103701910280432
-0.0365226059206203,0.012549001636025,0.00925570070047995,0.0138565026653687,0.0146265784590052,-0.00258465957131807,0.0162281306831154,0.000100362877748277,0.366466145180316,0.0298334729797904,0.115240964346689,-0.15395063595746,0.0117489797223232,0.0436958366993955,-0.111816231141888,-0.000717252755282415,-0.0611322248502193,-0.0609288308958656,0.0149846967358019,0.0246547265219045,0.0763618197996051,-0.00973126225385553,0.0309118588642334,0.0531999905048632,0.00564209540492942,-0.0161446586935685,0.02256098111979,-0.000107570886007631,0.0405707116648148,-0.0481885016239404,-0.00236266075505433,-0.0567423536818527,-0.0373971897837354,-0.0114495329580994,0.0451958138714167,0.0101626400902179,-0.00486686354571013,0.00414057935592314,0.0190958863306102,0.0217072318275521,0.0280537789271046,-0.0210798406661565,0.00795893281066136,-0.00231018838811289,-0.0214706208939762,0.0101210559702405,-0.032435086192404,0.0151205465607288,0.0171344728339322,0.0179755468263443,0.0340007457578959,0.0117591007780546,-0.0232731621691323,-0.0176420050283447,-0.00915745637388346,-0.0482168325458768,-0.0188114503863055,-0.0022641548429356,-0.00246287692048958,0.00467393803414245,-0.00027982951751748,0.0173151277214418,0.0143429429085293,-0.0163172190616882
0.12642933025056,-0.0156570550857582,-0.00120139577326067,-0.00868354577265047,-0.00468691630413493,-0.0106086557830612,0.00252085966542887,-0.010531004795244,0.00605368213730169,-0.160782599651918,0.0774984446269718,0.101565203014177,0.0183828296209717,0.0060664514261849,0.11773729743939,-0.00923193615868055,-0.0643033077576479,0.0539819950441303,-0.0783326459227378,-0.00168625546508686,-0.0662390869824618,0.0712859952601461,-0.00992183197899127,-0.0148033235651023,0.0439048339416817,-0.0020733184479708,-0.0102456602460293,0.0161548532275177,0.0171417922563328,0.0622680293684105,0.00979529965165928,0.016699805486815,0.00706523222997873,0.0446657606237506,-0.00135104235291893,-0.0045548273106143,-0.0337415916644677,0.00293265120876787,-0.060130297998951,-0.0132103956214526,-0.0196582034911512,0.0260959918121632,-0.0185687370451774,-0.00877190631927624,0.0421754632803022,-0.0161505954505036,-0.00137458657308972,-0.0323896172893014,0.0250671543363579,-0.00273463368140881,-0.0379965476240156,0.0271455320397169,0.00814600588072304,0.0129619583425619,0.00353857888559404,0.0150240540037589,-0.00253997697166781,0.0168791052901991,-0.0215016236274793,0.0163924843658031,0.0084296190989239,0.0127075077168386,-0.0308767696938159,0.0147245395053286
-0.0360029344220887,0.121545736645495,-0.0234484317946446,0.00441299289357766,0.0195789229085628,0.0078821078813752,-0.00405659794648457,-0.0202166793671556,-0.000984067699782992,0.0105767418600809,0.805736653024259,0.0527429198377624,-0.0520657160734338,-0.128099578341168,0.0135446482288051,0.0542496705436697,0.100206671817552,0.0420518753951006,0.0289703171028203,-0.0993982228270787,-0.0185061687548694,-0.0280310202050269,-0.0598674801744199,-0.00457062350969226,-0.0394713311620865,-0.0336363770092491,0.00779782668008597,-0.0417272349322327,-0.0851574322303665,-0.00744887487733423,-0.0185036115812272,0.0399003049112968,-0.00397984569001538,-0.0266381579709592,0.00232464780799777,-0.00146077235278694,0.0367359302688328,0.0352103932295417,0.0149891942635244,0.0217414665443444,0.0354225083755118,0.00118858808046562,0.0124640708882833,-0.0495753130889317,-0.00740357744158692,0.0322289719404426,0.0391135324265309,0.0237972068952512,-0.0055350517825485,-0.0424028543412546,0.00896812280337985,-0.0111855924172755,0.00146692124313924,0.0127056866246858,0.0284044217798121,0.0288345836317673,0.000941195650396543,-0.0519882836752292,-0.0162514029190667,-0.00816653625463925,0.0171847870023196,0.00342583073015523,0.0096044192655266,-0.0444236025731109
-0.131499013305134,-0.100528211246247,0.00751423768489722,0.00774838188150434,0.000883448712199202,-0.000433372974244801,-0.00277745735518224,0.0259973702066878,-0.0138186117473235,0.00917107482106872,-0.0166804640098522,0.268475132281925,-0.0394029836049902,0.0986054369685912,-0.0501946747892308,0.000548537011247123,-0.0330109079024177,-0.0919491309760901,-0.0165058851943148,0.0687580024328927,0.0237737490478755,0.00867651661439551,0.0553680101381055,-0.0408374362521438,-0.0571401228142629,0.0369631463397952,-0.0686081943544456,-0.0163535385398982,0.0365708089008566,-0.056331108106733,0.0105107102735766,-0.0257264058881293,0.0485894823066369,-0.00744686037534778,-0.0345122714563901,-0.0466749362007592,0.0136153677095413,-0.0370874396836871,0.0248157841686487,-0.0164068895945382,-0.0343510845254199,0.027125240721537,0.00813073833753254,0.0398890220954236,-0.0431490035982181,-0.0082051519155752,-0.0276276642848864,-0.00278212797949617,-0.008822345026112,0.0238212256072381,0.0406772580651743,0.00308391641663572,-0.00305228422975342,-0.00318111049133017,-0.00628337034901273,-0.0232004806261591,0.0163188363660817,0.0040371784607022,0.018236155731174,-0.0139334945683488,0.000497819611436321,-0.0215828963198109,0.00271826304099761,0.02546028038407
0.119915502555105,-0.08119970712966,0.00371760165544842,-0.00227853430023424,-0.00428587536837147,-0.0131700740438569,0.0120050760484109,0.000695784325209084,0.015839299577811,-0.000856830116128519,-0.00206558650198756,-0.00549340571823179,-0.913821908343872,0.0471287883612484,-0.00454105298495645,-0.126795735717869,-0.00988677425395033,0.0248019308945046,0.0578026891071088,0.0443325855061271,0.00671007085792834,-0.057237145163976,-0.00379275294249847,0.0521741815140831,0.0874817431283566,0.0283258878181109,0.0400996133732643,0.0582495697086807,0.00539213621764494,0.00258731253633996,0.0596354828462535,-0.0138002103291296,-0.029344081576014,0.0141633963313864,-0.0221112020055987,0.0234771599607181,-0.0380104655547591,-0.00327379551913894,-0.0160260301589707,-0.0540556403806895,-0.0316781702738901,-0.0423743268626188,-0.0458388143872903,-0.000824002000525518,0.0390991865892331,-0.0236579466902731,0.00368437095723146,0.00932379093521861,0.0279298807737803,0.0110662467303136,0.00545551148307166,-0.00531923873847112,-0.0116366357000188,-0.0296306714100409,-0.0148835689438172,0.00724861272436716,-0.0160403699148357,0.0350972699489058,0.000560703457747899,0.0203076819322389,-0.0418898890399718,0.00958059191163044,-0.00545364058146721,0.00180315212178836
0.00145027345100151,0.134264871016664,-0.027177037912338,-0.010372445612754,0.0231839806193133,-0.0225467903697018,0.011572391407063,0.00250192355547104,0.00938992552474105,-0.00441241866361573,-0.000526679205938653,0.0168127555122974,0.0130046101367029,0.40317169853583,-0.028175076507717,0.0764167551389301,-0.0504358368980217,0.0194646598854431,-0.0294278726056703,-0.0578132830477634,0.0356714870772561,0.0334134446884263,-0.0349676700548394,0.0308582168338438,-0.0147279163917566,-0.0587413181739319,0.0357976709126586,-0.0307061363408719,0.00416138606572367,-0.00828745298498817,-0.0617031990912026,-0.01936750543247,-0.0398431390001021,0.00479344760009775,0.0563937756208181,0.00953288665191132,0.0263455454988029,0.0279741305170171,0.00313265240428006,0.0419414953886933,0.0503759468288257,-0.0169506537872313,0.0233510854008215,-0.0247454374570201,0.00902102277807262,0.0192645801488008,0.0113345342759721,-0.000358591427107049,-0.0144775719261323,-0.00914965792327148,0.00902999845823922,0.0243543798142752,-0.016991021292537,-0.0106492907073328,0.0122326493204723,-0.00961187389031387,-0.00549535218222114,-0.00733532135979758,-0.0311659130851837,0.00479103027466839,0.0256529775786012,0.0271176354686902,-0.0194309364546854,-0.0207430510364362
0.00128328068010611,-0.0321567555334851,0.021478809795735,-0.014260591614631,-0.0113157774959228,0.00325271867170973,0.00997135532339355,-0.00726266719783418,-0.00391967965431366,0.0290253737740956,-0.00886081234430783,0.0125462405955453,-0.00311271226684048,-0.00414986347132391,-0.718026799361452,0.0356484737442123,0.0178663476982249,0.000983105587389212,-0.073446949374282,-0.00518641649190442,-0.0709416588437189,0.0239413990289248,0.0068185088645289,-0.0889467314558648,-0.0226347728214178,0.0367141617929632,-0.0522944062210124,-0.02898101667634,-0.00513320094114501,0.0272832144964645,-0.00556689658258758,0.028152899580376,0.0244371307030256,0.0314211390785322,-0.0213716575490626,-0.0468015563974666,0.00982267728303355,-0.0161760799458762,-0.0286857223759339,0.00621763375324123,-0.0112295760497849,0.0334206961778264,-0.00644870611692905,-0.00072937840102388,-0.00335427077746603,-0.00901024568217026,0.018900872580964,-0.0483002038550588,-0.0141711934179885,-0.0106348150676398,-0.0163542437264427,0.00203067569514242,0.0418161552468053,0.0425939492478103,0.0206188273375879,0.0351744235794289,0.0156006455898491,0.000439375427220152,0.0203805298942237,-0.000364542576855982,-0.000253514277503856,-0.0249196113687916,-0.0286040245425462,-0.0198911172620318
-0.0581515757448658,-7.78496520145151e-05,0.00286137149276051,0.00159866127192852,-0.00386125224182458,-0.00613382518849101,-0.00146490212345892,-0.00409411954603761,-0.00331814138967298,-0.0126005348460478,-9.04870204809817e-05,-9.49807210619373e-05,-0.0108120704621007,-0.00199553673232392,0.00116560310505014,0.34244656563875,0.0894589181092334,-0.0103179717439015,0.0942756335434012,-0.0308068398218778,0.0355662853693421,-0.0872531770106264,0.00718108558478605,0.0305122298287903,-0.00995346562780382,0.0390531692700902,0.0063458956930247,-0.00678317263417297,-0.0090657425955205,-0.0230782281172351,0.0265975746372676,0.00731194518913411,0.00019868791651024,-0.0616353957605516,-0.0432867909293047,-0.0132042929770632,0.022761935401236,-0.0178737017917797,0.0162896267280161,-0.00683827986664778,-0.0127226737577622,-0.00778534213648605,-0.00663522431336665,-0.0101887661089399,-0.00936819164933538,0.0199337594851665,0.0275260330756289,0.0302561837658463,0.0203956170647977,-0.00759585472208892,0.0128752720209681,-0.0450786966195291,0.0183560717329637,-0.0179696258376559,0.0208913424376765,0.000949295824274523,-0.00533359541365889,-0.0223429329858628,0.00332035698005294,-0.0109202596304228,0.0049399845827279,0.00391626619296411,0.0350240229352268,-0.0143978209148239
0.0365507288112281,-0.051421053998146,0.00104879619467652,0.00221652889747465,0.0103673430604846,-0.0162621193509532,-0.0147696630826938,0.00123597585614252,0.00282186844495923,-0.00615789029166583,-0.0113749577142172,-0.00406680338891454,-0.00114870591572875,-0.0101826391880249,-0.00105722640963032,-0.000853039444320961,0.939057407709543,-0.0322369755941592,-0.0400505328989783,0.0615547008366305,0.00459564094892288,0.0377161999562299,0.0535043317626499,-0.00639911898052916,0.00732076062603098,-0.0121328366651046,0.000150761692116604,0.00528891136833061,0.043858419516606,-0.00779357678738566,0.000588287422908772,-0.0465359062074552,0.00843351554830866,0.0515647892154797,0.052419421907436,-0.00200714053579509,-0.028717363411128,-0.0220348873139337,-0.0155000666651516,0.000843208629309046,-0.00458608087175177,0.00525438015032497,-0.0375938831781784,0.0210171018770411,0.002847346700068,-0.0224295603895361,-0.0329840991667518,-0.0184327708794769,0.0137362319503687,0.0213115278192747,0.00800471737142394,0.0302254204831373,-0.0335154304958461,0.00230615327349449,-0.0124627091017137,-0.020836364241682,-0.00381471031063348,0.0336648262509522,0.0140985324933406,0.00542926605364806,0.00575814742435646,0.00492801952414966,-0.0269816854221073,0.0153266314509229
0.121772072244486,0.0749072917358367,-0.0151310490467037,-0.000375448646053884,0.00893902617356908,0.0045225283756547,0.0125323630330808,-0.00347289268917021,-0.00973246849618122,0.0126515040684782,-0.00602859035150702,0.00320332259325043,0.00195222496709829,0.00386166925796497,0.0113285321712168,0.00291328771625674,0.00455198608806489,-0.931943273287535,-0.0131756427862491,-0.0459635824968341,-0.059648192448106,0.0172572642859729,-0.0768688309573339,-0.00135795711573782,0.0387603524574271,-0.0141018161182387,0.0406860982493677,0.00356076226625369,-0.0512983207460859,0.0467843427036761,0.00263688143319963,0.0436929287580066,-0.0237712692156902,0.0183334847902553,-0.0182657784863801,0.0211519342834001,0.00465831433617994,0.034245865381878,-0.0281747366550818,0.00218670791136065,0.0221957767123854,-0.00718394219037731,-0.00498462762331405,-0.0204728113487841,0.0293036181521338,0.00367824811061508,0.0455372973850734,-0.0122040210080773,-0.00863367207865887,-0.0279692595324021,-0.034014863223438,0.0160494099828693,0.0378798298958328,0.0287778908741069,0.00788685257669752,0.0288622706207301,0.00597901222576151,0.00216403467936378,-0.0232237514785644,0.0308307990771093,0.00146571658548981,0.0103990781978937,-0.00733194449356782,-0.0202621911688148
-0.152281278234499,0.0661719675971422,-0.00138825026247358,-0.000583038028733813,0.00175407730092861,0.00259322360073284,0.0121246980709409,0.002927073131064,0.00854957515705086,0.0116585336033599,-0.00921342793272211,0.00612797182232898,-0.0145617471147831,-0.00521742365088767,-0.0204173572376411,-0.00886208907313532,0.0053263786537793,-0.00177534091536781,0.0910835527393478,-0.0404208320998129,0.0133956528108836,0.0231654436739028,0.000308740870698116,-0.040466131908866,-0.0672368333490259,-0.0312031712536598,-0.037250488637488,-0.0555352864105447,-0.0115145831685655,-0.0231011563599778,-0.037092872664842,0.00993985044895662,0.0176003469712425,-0.0438964589391104,0.0157338873301102,-0.0259722129311866,0.0425331802637926,0.000563314604027899,0.0398569729805242,0.0434439892163324,0.0113082928599129,0.017765046840218,0.0510189066140818,-0.0113558968235176,-0.0337500431931543,0.0342408202564154,-0.00946094722692684,0.0086257372403609,-0.0369035728709701,0.0119770997659617,0.0379358972245695,0.00558217564280422,-0.00254708987903382,0.00231904485298203,0.0260680507094324,-0.0175873544601142,0.0114859293626937,-0.0332572238642454,-0.0123459139024656,-0.0244956631370554,0.0164320548785928,0.000830904984423651,0.0175841375510111,-0.0302288830151347
0.00513807339602444,-0.165326166227022,0.0341543328282035,0.00653716433137656,0.00199429817195477,-0.0137179554825116,-0.00799331318161265,0.0186579718483851,-0.00229848716805501,0.0113845126481332,0.00605086021572721,-0.00377427499225363,-0.0121582479141921,-0.00302450749537051,0.0032239496108669,0.0176604849895489,-0.00385603287178195,-0.0119063596998354,0.00344488366447879,-0.821775082378499,0.00291754243545269,-0.0344020249217589,0.0771169930930362,-0.0103782169727488,0.021146935171585,0.0693318775173146,-0.0176619329308552,0.0195604701058375,0.0508750843108551,-0.00732947052824193,0.0512280616058066,0.000339731038540014,0.0183003712170203,0.000845939464601466,-0.0374973266662471,-0.0349143232866672,-0.0434356358731688,-0.0321102903972447,-0.00316962584370843,-0.0400420578375123,-0.0584400802560744,0.0106013667656542,-0.0236207361528378,0.0476338146662177,-0.0155805011911528,-0.0199145089921037,-0.0104576333977898,0.013657066870445,0.0311349541474106,0.0200757697525186,0.00081847704228704,-0.00972913831403234,-0.00490325938140553,0.0141885842302009,-0.0323605626014007,-0.000528502731449258,0.0107225904562475,0.0233061050150515,0.0230402934022338,0.00870766625432062,-0.0242960994154482,-0.0176269951697985,-0.00401719452918705,0.015901804784257
0.0756232045187184,0.0638213416011582,-0.00594156968001962,0.000972401281830557,-0.000985943402957689,0.000278800228210661,-0.0155588927218578,0.0023097982996012,-0.00536941451036529,0.00545915154927613,-0.00168032266601429,0.00146627479377135,-0.00928059040359041,0.00243727900531357,0.017407802972742,0.0123175605977648,-0.0130718040121496,-0.0141679584188029,0.00756088421093287,-0.00680334386778615,-0.500266730564458,-0.0182964517884564,-0.0287486537251628,0.0890809255165492,0.0461862526289402,-0.0303144583525132,0.0721998150508833,0.0246994948947855,-7.33703835662743e-05,-0.00939271785401773,0.00778484381511178,-0.00328543062532418,-0.0502862549972039,-0.00830266551175281,0.0373387897092544,0.0540561057008181,0.00103372935445181,0.0142137023812983,0.0102879994443217,-0.00161433800360963,0.0298723171433295,-0.049195569919621,0.00557799267872101,-0.0253693877894525,0.037574286641128,-0.0195836529813724,0.00519704579198648,0.00612748200942434,0.0176454577886093,0.0130157605699003,0.013790244727648,-0.00902756492453322,0.00686479435657499,-0.0387890331280895,0.000449981048199207,-0.0153170398002646,-0.0420360670877579,-0.0173737879766351,-0.0254053361460643,0.022313855268116,0.0141740817115627,0.0147240309495066,-0.00611759951355609,-0.0128079367120555
-0.00827777706183469,0.0504797311958189,-0.00249560792584991,-0.0278329614207426,0.0173378414722019,0.0124036724076478,0.00910094282507685,0.0100969820708551,0.00833711173024802,-0.00178471776751989,-0.0129952116612284,0.00588520082684152,0.00148278809156335,-0.0141510584047982,0.0192554801296809,-0.00805773512599652,-0.0197614551060909,-0.0080091904607515,0.0100004108747972,9.26183729765802e-05,-0.0267468941987258,-0.943272581305007,0.000136988928877966,-0.0528551360692245,-0.046317427661692,-0.04916540448179,-0.0275363833787082,-0.0586057746307614,-0.00657759433973745,0.0169064694110307,-0.0546136215813997,-0.00497004527610627,0.0100891911188757,0.0331642117138701,0.0203732999409925,-0.0191023352813987,0.00964641365809195,0.0170008925785044,-0.0332768538931737,0.022863446967005,0.0154737851674077,0.0226637113904057,0.0196686370757828,-0.00763893478439616,-0.0059167753395022,0.00380430581260204,-0.00758109283548403,-0.0350710534572333,-0.0365441692773215,0.00699829754862897,-0.00647392066836439,0.0306692240026996,-0.0155323710238117,0.0303197826712673,0.000815856902596573,0.00170036012234907,0.020259453429823,0.0169738857189684,0.0154454863203049,-0.0002522627798824,0.0107886689937401,0.00774525399086767,-0.00999482518271478,-0.00489993884709572
0.011775554464989,-0.012024362488502,0.0163947705740831,0.000969198022642589,0.00112248755518398,0.0114677520067629,-0.00824304301243764,0.00182451260449501,0.00033920877102415,0.0113489987874669,-0.00299634272083075,0.00799547582910387,0.00660483941599648,0.00626824269300429,-0.00131054414830602,-0.0190252296714745,-0.0143790826295139,-0.00208013300821591,0.000653539232487017,0.00711088881176763,-0.00839760435034713,0.00419697018260929,0.392246448745913,-0.0303805066838844,-0.00194130274172039,0.0402848054807427,-0.01671188366801,0.00840485143175394,-0.0350970145711947,0.0225168648857788,0.0100892089021293,0.0597422614953068,0.00634210426630111,-0.020369226879616,-0.0436142438826292,-0.0033354694785569,0.0105454211546482,-0.00566178164648219,0.00732944755933085,-0.0377717647319888,-0.0004741807464631,0.0173742299945455,0.00023896559330507,-0.0257228290760374,0.0137469978727607,0.0248276990881658,0.0209983708480825,-0.0101847857042285,-0.00946987994544278,-0.0186254165028635,-0.0174270368242026,-0.0217235712484146,0.0297044471744524,0.00499952027963487,0.0149346803899432,0.0451999430008247,0.00119457850140761,-0.00943066949774247,-0.0198757537425725,-0.00942719742504971,-0.0115279693666464,-0.0185033947972754,0.00389290739330898,-0.00775254462511397
-0.126953688283151,-0.0112655429682222,-0.00524965591308759,0.00496913373228877,-0.00682368904332498,-0.0119447728778578,0.000287276019394992,-0.000225968494959313,-0.00680489776775997,-0.00198754228835264,-0.00516444504411135,-0.00314904431876563,0.0164844324951225,0.00187655790715041,0.0083006406735885,-0.0115799308548446,0.0021235355967631,0.00954870585718898,-0.0054769685836542,-0.0101146860631177,-0.0066627556846618,-0.00273393330951203,-0.00430328373391984,-0.260734638034898,-0.0266932258780883,0.0059645887770365,0.0103063838449305,-0.0161137435009996,0.0261001314342206,-0.069745110039682,-0.00850360104981341,-0.0543097198182686,0.00192557756525056,-0.0540176314397593,-0.00180734521749424,-0.0118074431766758,0.0187446355982514,-0.00697815374075984,0.0523159787889317,0.0154669898490326,-0.0184731706098371,0.00487768968388702,0.0198718483845747,0.00697786727570512,-0.0355156336998643,0.00588497115134087,-0.0362845755357929,0.0397165885164984,0.0104776027550399,0.0176587781468924,0.0288109123378862,-0.00446012140743186,-0.0248900256240478,-0.037839968691283,0.00381742294592487,-0.019362611743912,0.0151714389339818,-0.0059980129171071,0.00692829091680527,-0.0286298984849779,0.00439761713194541,0.0041656209665863,0.0319016258254983,-0.0040759789704206
0.146114389574787,-0.0382751049047955,-0.00845618774746228,0.00781378638397365,-0.0206295074619061,0.00773680736137094,-0.000201565784504707,0.00271583662450803,0.00873742152315348,0.00741761401653501,-0.0129841213264303,-0.0264557551697462,-0.0157665330292389,0.00634826015400571,-0.00855498164207103,-0.0166230288318959,0.00194502236031149,-0.0131325928673199,0.00155764878897246,0.000931948628472936,0.000263376227068712,0.000419838393709738,0.00807629402447808,-0.00471515648422046,-0.607243125708263,0.0118024847390564,0.0109991326463911,0.0495138112253132,0.00172467368212984,0.0519734423202907,-0.00429374672619861,0.0192860520400738,-0.0245874133118285,0.0427062059395139,-0.00931863908470488,0.022443442098944,-0.0452192492351528,-0.00720132813990188,-0.0530227878489246,-0.0141110257951172,-0.00288973019196278,0.0123486149019227,-0.0300739134661616,0.00235859052655379,0.0651862945230979,-0.0243674276032289,-0.00693260055055533,-0.0197766145848189,0.00151309624798261,0.0124117142403714,-0.0291831496028657,0.00519624847514794,0.0145950145714062,0.0145477571308121,-0.00435771776402654,0.00928251652102613,-0.0100172836141314,0.0268523037125421,-0.019234889538164,0.0389805447090104,-0.00587042278050986,-0.00811321156744835,-0.0115272666873948,0.0102684920078554
-0.0149684799564731,0.158032994315924,-0.00685774294096915,-0.00774613361642033,0.0139966583530385,0.026151413239014,0.00811678532934819,-0.0125777884508445,-0.0185431860238896,0.00244796234512016,-0.00044623913857198,-9.36141433802149e-05,0.00265600425797645,-0.0122471636666961,0.00164804258473893,-0.0160386665055218,-0.00285922046574155,-0.0105229681760383,0.00954578214698878,-0.00549025720409919,-0.00989539278794085,-0.00142261964714746,0.00173640612230165,0.00597689257820183,0.0162143963818457,0.620686594011509,0.0192865405272587,-0.0281644301007156,-0.0712045096021108,0.0148800703614257,-0.0448393323636719,0.0370396132560192,-0.010647048765996,-0.0219818840865075,0.0219698443980487,0.0107352036012356,0.0493244470010273,0.0473250167950223,-0.00921399437500674,0.0420114921111781,0.0548025827625413,-0.0238434873134427,0.0384409835899726,-0.0393026024017324,0.0211548164898804,0.0592420874090238,0.0183955175285949,-0.00540736607579652,-0.0392700482079537,-0.0498234073362015,-0.000317290697205655,-0.0156467837928072,0.0257944392482037,0.00525484197083654,0.040250566129814,0.00459741836671741,0.00128744233063875,-0.0293982032012262,-0.0235577072326149,-0.00525604366506796,0.0291061847674407,0.00904440753134902,0.00939846162240202,-0.045513903482883
-0.128236416265598,-0.0864238442507418,0.0216345097374083,0.00273731562383022,-0.0180806263877238,-0.00554050806756634,0.00463619576080547,0.00702764275768075,0.00504014154237841,0.00457403556376268,0.0109828118684845,0.0148653833616634,0.00672548845950141,0.00619209493146834,-0.00413027513953643,0.00506882777591545,0.00125902441940804,0.013902626586871,-0.0106216713743855,0.0214598228805835,0.0148115739824181,-0.010049277012498,0.000433826930647429,0.00987623980233278,0.0131168886198224,0.00581075434396541,0.921708285705081,-0.0326383984875316,0.0380331814191847,-0.0148467381767053,-0.00319453854335218,-0.0105639445588402,0.061153889055089,-0.00723998886286921,-0.0180405014484593,-0.0596590215453775,-0.00232250894038052,-0.0345382155321699,0.0297249738737302,-0.0102155235367767,-0.0248085230919142,0.0421402870475994,0.0117648397742943,0.0460509818596123,-0.0213467552746812,0.00337948379864326,-0.0162538302801569,0.00414373714794332,-0.0244910233783294,0.0159795630694395,0.0276280026608521,-0.00285353279945089,-0.0108975095873009,-0.00115199049865635,-0.000746687541290822,-0.00622081423815859,0.023843123388685,-0.00857853963215271,0.034022617795761,-0.0149416955299042,9.61121114827577e-05,-0.0244564254239843,-0.00816815464943703,0.0294467901745226
0.0794092691680097,-0.088337768260228,-0.00276888103220651,0.0136643256769503,-0.00604751178564767,-0.00470279463121384,-0.00882490900947521,-0.0155824210561411,0.0094443730368239,0.00448215416314521,0.00229610196061785,0.0105480741970099,0.00353321494838098,-0.018724294053113,0.00296829719213307,-0.0039989682815595,-0.0132415207908951,-0.00219718940768352,0.0106824561580644,0.019781132424865,0.00754086144830484,0.0227655523673948,0.00254852240789846,0.00347362751506604,-0.011802198724033,0.0102008534150431,-0.0105918492976572,-0.852447748466197,0.0218586549174489,0.00184788343757336,0.0677728089258786,0.0143740803152841,-0.0157392557877027,-0.00248768451750599,-0.0183475223389579,0.0277158584080336,0.00175826096804513,-0.0336597134573828,0.00944657940223234,-0.0486566798207252,-0.0319087819257785,-0.0152810179443934,-0.0250280998824713,0.0147506527186367,0.00496892734980398,-0.0147740241499132,0.00527761481175167,0.025981419609377,0.0475868854062059,0.0153647540520782,-0.0120693285898874,-0.0278215355233577,0.0136571781532757,-0.0221211220344927,0.00682123717787191,-0.00735138715425165,-0.0211101122113193,-0.0131751410319113,0.0317620219988183,0.0254463577371547,-0.0348371685027407,0.0207202147101873,0.00078841151915946,0.00305812244769395
0.00786242746635344,0.0983108473655008,2.88426760241753e-05,-0.00385277801986016,0.00998229586605514,0.000760228754027418,0.00603049531611105,-0.00481501901755838,0.00173990521694136,0.0141447700087273,-0.00719187396056542,-0.0167216871471758,0.0025727192115456,0.0108495505821253,0.00726655743104274,0.0158719679834725,0.00862442768003249,-0.00179713287115251,-0.00665662165160446,-0.00988874589051929,0.0116663709785844,0.00729718116968199,-0.00102524565833728,0.000370637660516173,0.000739389333035367,-0.006818385821022,-0.00577185107655645,-0.0133271513801746,0.0201074246822214,-0.0178830063505669,-0.04979408641262,-0.0352621828656716,-0.0358859773563357,0.0107275852322066,0.0497066909410577,0.0242319511540331,0.004468474647797,0.049780249344922,0.0042724742674721,0.028547984519382,0.0476870127130115,-0.0271698434229856,0.0123498257489427,-0.0256482850664361,0.032459236602201,-0.00372831701159479,-0.00978520944001106,-0.010913935905378,-0.0109225611646105,0.00129307088172472,0.0107108095894821,0.0221777281943598,-0.0106877186172454,0.0181738374574865,-0.00218130609750307,-0.0221771252040441,-0.0123795270269539,0.00478208492481267,-0.0176318777207718,0.0023410659538498,0.0118432489427544,0.030319934720579,0.0135059570275715,0.000373136686409483
0.0541543122151804,-0.0128265011559966,0.0140940105577939,-0.0123291881466994,0.00967812706780296,0.0140010735187601,0.0232928122625022,0.012848822880068,-0.0135962012240985,0.000790103022762314,0.00163688143250264,-0.0121425759454309,0.0100924412369923,-0.000271554727027818,-0.00223776725523622,0.00362219928936331,-0.0163159268543939,0.00304840799560127,-0.0103413163009511,0.00619879369372057,-0.00338534180402046,0.00419848944942117,-5.73144781862815e-05,0.0166068665872639,-0.00976594524368125,0.00194439095035284,0.01157663938796,-0.00174473202046761,0.00313121000494961,-0.760382533157462,-0.00191284564822834,0.0436767629034002,0.0225093879956123,0.0262130463742678,-0.00541028478358479,-0.0171942685670325,-0.00972718285977248,0.0048995738175609,-0.0398465117843884,-0.00291225131638408,-0.024753929075504,0.0232522520144074,0.00154912066366674,0.0110692545808514,0.00951407051172591,0.00633138693140075,0.0273359156198525,-0.0459562568603535,-0.00237258663961509,-0.0112770505695372,-0.0316453857418622,-0.00137349934286868,0.00679385603308246,0.0309345210281015,0.00693049072710836,0.029008614554846,0.00932406889993825,0.01380325657852,0.00730778911707073,0.0143448683680817,-0.00467974650692354,-0.000913283036157573,-0.0249672814540785,0.00342575201330143
-0.0831041189695851,0.0433290343959214,-0.00263421672607416,0.0303308964781538,-0.00595029689821362,0.00762217757998785,0.00341714176225536,0.00519570918702843,-0.00421718572576627,-0.0109644443911878,-0.0161791475011653,-0.00945539006043635,-0.00879690675101377,0.023036500451993,-0.0159540406293951,0.00205886103254861,0.0132259580198856,0.0110607592173407,0.0018595142876018,0.00661846068588922,0.00668474893706654,-0.00320457005152744,-0.00383110027166271,-0.00920355937816187,0.0239911968079324,-0.00132484509718117,-0.0052874399506601,-0.0105485446164855,0.0164464403269045,-0.00692221630253821,-0.0574025992981465,0.0266361579103065,-0.00514979473035885,-0.0563093049536395,-0.0244483572246484,-0.00898406074530075,0.0447228260515948,-0.00126870982211296,0.0127194393436489,0.0246114849957355,0.0111356668258914,-0.000528705695858184,0.0244950205092393,-0.0083764522659762,-0.00966289050889316,0.0286697688055968,0.00338944029968438,0.0321979027001422,0.00155759753919799,-0.0223571068221252,0.029462313177414,-0.0298066459207938,0.0290222125065852,-0.0172196649758243,0.023766562170959,0.0131054791731221,0.00920031405700394,-0.0295230882192829,-0.000508460134230286,-0.00540019616732382,-0.00202750320251155,0.00457921053063691,0.0380585505110631,-0.0245220270106576
-0.0709997810740804,-0.110710342426245,0.00467695698258517,-0.00830939754526333,0.00900356443200328,0.00736788636700045,0.0262140483596479,0.000269144117144835,0.0251087936922932,0.00728227323565292,-0.0225859319865039,-0.0144207802152688,-0.0123619289547699,0.00536261617467159,-0.00799721389481526,0.00941539646319334,0.0070738903745996,-0.000121111188903383,-0.00845146967148497,-0.0122629046807707,0.00989112383173941,0.00380062593453442,-0.00861058631440442,-0.00271836029262757,0.0088995346105605,-0.00257127742149786,-0.00413732068481191,0.0177915007322367,-0.00665177324596909,0.00881212751679811,0.00904722643147874,0.829667298254357,0.0281582432787951,-0.00535013313905833,0.00780373972879006,-0.0285279731548126,-0.0146177716018072,-0.0289281555023781,0.0304546475742496,-0.0143383588316607,-0.0163094501435304,0.00577287748645755,-0.0075121464620414,0.0441282512987602,-0.0268338919560691,-0.0185590859617536,-0.0371300891438297,-0.00106204251379892,-0.00477039405970465,0.0476982437685941,0.0220138049879118,-0.0106357442779524,-0.0228874098090607,-0.0102982532390066,-0.0116209818684253,-0.0239530379798919,-0.00220808656674099,-0.00482802221849599,0.0179382621462118,-0.0270407181773977,-0.026912427401116,-0.0157835485430054,0.00745727540577718,0.0158577184783504
0.141811599427401,0.0835104554340613,-0.0106712477699284,-0.0141495375305434,-0.00391475308813017,0.00375172475833204,-0.0114014540260676,-0.00200057013555528,0.0197998384931215,-0.00338181078824428,-0.00854735171185351,-0.00657771630692499,-0.000873745392741536,0.00897210796893902,-0.0241896347069808,0.00108261947223876,-0.0102990770104839,0.00459998626080494,-0.0114768836298449,-0.00608409624898963,0.00376967265505605,0.00717905872068155,-0.00171098411457226,-0.00288242014738744,0.0023652106603081,-0.0208825700274962,-0.00230103020736363,0.00184381951221556,0.0104439669719134,-0.0134833626156044,-0.00424599405479742,-0.00575984431384314,0.703444351810747,0.0273900226358254,0.0065120258022133,0.0388539749763618,-0.0120824580548206,0.0430890822553446,-0.0178948038752563,0.00810879836190908,0.00150394027384936,-0.0155055648081657,-0.0061398084440436,-0.0438906159176233,0.0485471366495498,0.0111315151248559,0.0418822700509706,-0.0149856577971759,0.00527916812008145,-0.0346118578714708,-0.0403713503270074,-0.0096430293329781,0.0184447894103961,0.000769644662671911,-0.011492049196083,0.0340803661712912,-0.0273401824488721,-0.00959131886724954,-0.0312890878383104,0.0352406636267767,-0.0109622268713628,0.00795142103348929,0.00503706850130563,0.0129044241150688
-0.136234200124649,0.0883395415297595,-0.0134658305048871,2.23890060369464e-05,0.0135747125056424,-0.00226808906994903,0.000379885220240704,-0.00540079870704024,0.00571867895536028,-0.00793506464584062,0.00983759113265604,-0.0066097020254994,-0.00525334552258454,-0.00380071430000916,0.00974387357053335,-0.0125972617722979,0.00210138307873808,-0.00830893395722357,0.00788887905372268,0.00696826674679764,-0.0033367539171586,0.00935184464663358,0.000901345399127256,0.00841767862563247,-0.00502035485782499,-0.00539650123779323,0.00220694986361347,0.00642652636265455,8.65989896676675e-06,-0.0102019381239132,-0.000556537095701255,0.0220798142015024,-0.0111411527263738,0.397906578631391,0.00611107967236438,-0.0341845004153903,0.0421600164526973,0.0184210789057134,0.0180233558063457,0.0400075883799605,0.0246288972449335,0.0339874362539111,0.0463378849945816,-0.00294214941386543,-0.0393902258582983,0.0176139368405471,-0.0148707966208249,-0.00856289236877109,-0.0318858727079697,-0.00539326998427266,0.0067429402829675,-0.0131462190951008,0.00219977312069433,0.000439533112197183,0.0257220046987341,0.00578143259018157,0.021023324708039,-0.0420332102925554,-0.0040413462840237,-0.0346363465148994,0.0277884011684104,-0.00646155328674894,0.0111769691242089,-0.0371399951844518
-0.0148924654334754,-0.153308787814113,0.02782959759649,0.00718763429070039,0.000740878877099909,5.98898666184439e-05,-0.00957696666277616,0.00244432538244465,-0.00617692822548366,-0.00538630151581911,0.000939325007535163,-0.00122550218724819,-0.0121083499144142,-0.00370809865596248,0.00291252792675689,0.0176360704820912,-0.0286849752293804,-0.0182994737514243,-0.0100566792683348,0.0088868726174159,0.00232430651810366,-0.00658023741295461,-0.00086910181757084,-0.0207341838707332,0.00346346221033355,0.00581467338866226,0.00148984550342465,0.00947000189915108,0.0171569696403613,0.00996017909848576,-0.00337311529118018,-0.00647345889140784,0.00874825966795998,0.00230582482155073,0.873493450790742,-0.0162422847100121,-0.0303951495982495,-0.0518047850550796,0.0134656721392052,-0.0410565371949892,-0.0532996540844258,0.0296196777764108,-0.0368166503179943,0.0388065563020245,-0.00987341259220109,-0.0092505077613068,0.00797294536840256,-0.00973376528604636,0.037324838734512,0.0196295815314993,0.0141057551096206,-0.0330859202258428,0.0196502718517623,-0.00934036525590236,-0.0182824106532701,0.00980101833234592,0.0183083553512356,8.03851007929006e-05,0.0112979285849072,0.00306485568588819,-0.0315047747404112,-0.0291627387618812,0.0150752794959549,-0.00197782894533837
0.0359490182100987,0.0385070314092817,-0.0143623380129684,0.0147198084415873,-0.00223359263461895,-0.0247819959241921,-0.00227230481098286,0.0104251646331298,0.0234084263843581,0.00386208246185984,-0.00904830996947422,0.00978226378784111,0.00382420552399555,0.00355520971790586,0.0165661715781962,0.00889247928165429,-0.00508008761542944,0.00522640359375045,0.0112422398379387,0.0126320489727436,-0.0088758102120933,0.0054464636508124,0.00392598718803882,0.00175018095570211,-0.00186832093290733,9.21243891384976e-05,-0.004268227655188,0.0100151577641763,-0.0026100857471045,0.000670312924382518,-0.00668213746763833,-0.0111213547553585,-0.00149705921271808,-0.0172927284804265,0.000942516848417262,-0.721538808650371,-0.00189902834581423,0.0051737629632699,0.0265558851700202,-0.00806688535084683,0.00964221924164841,-0.0537290678792957,-0.0173859621037095,-0.00667700920107443,0.0114388777523867,0.00816368239400664,0.00848600337015441,0.022751734733877,0.0189790127087866,0.0064348177518405,0.0117113126469719,-0.00723794335323299,-0.0143494616149367,-0.0180594265839855,-0.00754366659330128,-0.0145701072128606,-0.0455628303053975,-0.0117971689660258,-0.0216196702892685,0.00498959453380194,-0.00243166047247743,0.0159600065730614,0.0240046720887117,-0.00238432513326331
0.0304604063081742,0.0265826046290928,0.00778429492405454,-0.0123287209849102,0.00437985691596214,0.0176071031130637,-0.00938103083754991,-0.00396408182577848,0.0018723085839274,-0.00338268291122947,0.0105589193947727,-0.00927018629243109,0.0121032264854821,-0.0148054868981798,-0.0125226327250175,0.00536870678369765,-0.0137857947420441,0.00312724212481563,-0.00582275153770925,-0.000693101942748264,-0.02433191548328,0.0200170271719367,0.00361078304773751,-0.000630843969371219,0.00577694470451459,0.0135521785083515,-0.00445858095684688,0.0358947161396604,-0.00154156680854144,-0.000926050045714923,-0.000361399710666562,-0.00528800394133596,-0.0132022645641697,-0.000844182815997593,-0.000293777406882785,0.00475590627750997,0.347872050635951,0.00536979785504735,-0.0199009547527669,0.0257976432540395,0.0118708050032945,0.000762308049930091,0.0114168783077429,0.00487395915010614,0.00495350676476522,-0.00818925542922078,-0.00624367360704438,-0.0479386007224556,-0.0224032634617495,0.0262968977823992,-0.00100290590111353,0.0424641689255244,-0.0155110527375115,0.0413874349306993,0.000101750228601616,-0.00739144659637564,0.0104876783476553,0.0154772994000791,-0.00381120746588673,0.00320416305674742,0.0424054519242117,0.0052980926360963,-0.0156874450644026,0.0232609769567816
0.0383929868477592,0.0367717291428957,-0.0112483233740099,0.0102983997445167,-0.0196735233168531,0.00167116003847002,-5.63545773383592e-05,0.0119162849303141,-0.00207260870529267,-0.000893271667076714,0.0118337598367562,-0.00564418356331206,-0.00383027111996703,-0.00936042134981003,-0.0112687827192257,-0.0127685178193251,0.011468462269928,0.00244130915712365,0.00270907313618825,-0.0158294673485625,-0.00707536226693673,0.00657108780610197,0.0138900660427082,-0.00467342170085431,0.00183161144475952,-0.00202793957536814,-0.00517806832671712,0.0245114476968318,0.0229376603807656,-0.0173101243832438,0.00448392836233181,0.00657705456800649,0.013854141739666,0.00530598951155477,-0.00454397237389134,0.00496164896999339,0.00122306239601483,-0.20447322834344,-0.0204087375195012,0.0114088625068121,0.00342456447849219,0.020599020538963,0.0173279069106826,0.00103572846851986,0.00554416997486565,0.0358858245274975,0.0137519653886441,-0.00794175990570763,-0.00260389912214395,-0.0204052334643766,-0.00820732777433814,-0.0223532846223635,0.0370974218905061,0.00324358825117714,0.0225219602720646,0.0165976515249044,0.0120808756818665,-0.0241740852500855,-0.00876499924611842,0.00556183344442823,0.00581734075632784,-0.00546481040077161,-0.0235092466962151,-0.0184839098512006
-0.158003004039438,-0.0068631203832597,0.0209399606685723,-0.00782764901998262,0.0236725271682323,0.00225973373972432,0.00333744959668384,-0.000596375839437597,-0.00936055974542267,0.00170479200364959,-0.00892425931600435,-0.00730817888543736,-0.000887769005333039,-0.0187109024980683,0.0024629607974483,-0.00329284937767027,-0.00638308248526939,-0.0088710999702602,0.00407662728920062,-0.0060987528414635,-0.00672794797747193,0.0175727788332169,0.0139902849441428,0.00572800222418601,0.00640933231465304,-0.00229195488892021,0.0118891335595916,-0.0121297813002727,-0.013482734459745,-0.00157855250055459,-0.00442022972792224,-0.0025585089777722,0.0255488165240203,0.00219259495874225,0.0104264748749464,-0.01190929319013,0.0102941254395588,0.00835052377308999,-0.957483773402126,0.0247468381770184,-0.0046692262726152,0.00658805641655238,0.0274818221364773,0.0168366454125594,-0.0274390927856791,0.0245039643832699,-0.0374505181029326,0.0298842570607966,0.00490025002766017,0.0147357179059639,0.0345342522043031,-0.017381409248957,-0.024737642284622,-0.0263133041640215,0.00246476529765723,-0.0176170918401268,-0.00767421246566424,-0.0197561431588113,0.010688922619803,-0.0163087547835785,-0.00503834961404307,-0.00360414123907951,0.0323486692810455,0.000548920958141597
0.0800132702074366,-0.137451516958859,0.0174322816657963,0.0050509092860743,-0.00159985812102161,-0.00915950337405739,-0.00535468371874139,0.00565832362636023,-0.006372550523588,-0.0105287065005516,0.00496114276945721,0.00759630863616922,-0.0163053450866313,-0.0114887641113442,0.00469357569551746,-0.00879557877252564,-0.0122910581586234,-0.0068906952976314,0.0141772482946809,0.00330232763953698,-0.00135716143263083,-0.00683078098312552,-0.0113487321149212,0.00211070829889639,-4.26229181996716e-06,-0.00158666325162074,0.00327204448711624,-0.00863357264464255,-0.00493037929185542,0.00388379564661055,0.000935836264459859,-0.000689779566750961,0.00715945132709339,-0.000153657746867776,0.0028519228243167,-0.00476371425084939,-0.00327394003454483,0.000646048883121265,0.0186879704946878,0.820768502730582,-0.0354583517937761,-0.00354978258948059,-0.0339030095057279,0.0310466597910496,0.00807989745497992,-0.046939335991237,-0.00926344646748587,0.00194325637380713,0.0198775424838469,0.042502371362579,-0.0255936322788014,0.00765497576063716,-0.0110395444702579,-0.00279666780428187,-0.0218967859517616,-0.00351713057446504,-0.0228972133562918,0.0359558335256144,0.015497871305168,0.0230394604227154,-0.019681274305656,-0.0176062446494835,-0.0194470325354315,0.0339687025406504
0.00737203480219783,0.169733224746465,-0.0102944354403623,-0.00626127765561398,-0.00307995032757534,-0.0149035287830839,0.0098699863918832,-0.00724076431982106,0.00409669028066401,-0.0130168234806202,0.00543980625434999,-0.0114983299281919,0.00891943074152968,0.00184297846966947,-0.0123020050525541,-0.0103801156314775,0.00630158050794683,7.88982605752185e-05,-0.00366773834278407,0.0077906117168285,0.0107182707771801,0.00534992301624388,0.000521514568938272,-0.00485827600434997,-0.00561660985354023,-0.00049747236224265,-0.00186307295461476,0.00579668855127182,-0.000282440656985954,0.0134379742656924,0.000883332841077091,0.0176984462161838,-0.0288734729222574,-0.000278252625138812,-0.0164187502191792,0.0116555734469117,0.00817038419291446,0.0232544968508676,0.00152746504574038,-0.00245314667365561,-0.941655536283309,0.00139435399478599,0.0357181010315299,-0.0325360425499027,0.0089695248382634,0.0339150569360587,0.0316632101174375,-0.00753767634832119,-0.00945614097967477,-0.023076474516344,0.0032997394734158,0.0179257876968856,0.00261568046388782,-0.00705333143158728,0.0292565575019185,0.00440701399515134,-0.0203102101731112,-0.0305435307580205,-0.0519357883174958,0.00489082554358158,0.0281012100308692,0.0428652499403257,0.00350637098117485,-0.022297594225378
-0.106998753730727,-0.0642475029014311,0.00767761976074186,0.00478063729220222,0.00505835710448535,-0.0107000905341019,0.00785976540974332,0.00643058643693451,0.00220014215219149,0.00165188402311928,0.0103407346211588,-0.0125023928531216,0.0205358448084922,0.00107658161172282,0.0128097734392342,0.00810145710294264,0.00090366639560197,0.00306523264681361,0.00262679146056491,0.00684742842796597,0.0103931753723195,0.00192184392934665,0.007492542073515,-0.0143509769194284,-0.00702028785765666,-0.00426952721909172,0.00277700753597418,-0.0075152388861331,0.0166540246938189,0.0118715860180776,-0.0145027625769072,-0.00453193668792154,-0.0036359501715733,0.0178152768071369,0.0151151896089153,0.0140584620437767,-0.00672244212971689,-0.00349404808525964,-0.00709142298694469,-0.00971775094440801,-0.0142076018901725,-0.944512789211386,0.0260023737675642,0.0320458632934048,-0.0134759865497966,-0.00725286979882403,0.0129897566810499,-0.0334090349448184,-0.0139254297195252,0.0234663086399328,0.00896962136914608,0.00358654673333019,-0.0179287458940312,0.0271536250389693,-0.00893516279745289,0.018804176744764,0.0192620764172984,-0.00268422734724424,0.0237215741991157,-0.0229251451925362,-0.000875938843221022,-0.0273472877793819,-0.0166284311241507,0.00816580988254205
0.0327825449554813,-0.0780159937714332,-0.00248769683653529,-0.0022336030251711,0.0108065108114126,-0.0218910080629648,0.00713944621967058,-0.00900058822226692,-0.00415691668254928,-0.0173507365622025,-0.00268478346936791,-0.00457219783128936,-0.0129318045064444,-0.00234435300717345,-0.0133687272313967,0.00177194925087223,-0.00515595158953867,-0.00182406196250773,-0.0075437190240521,0.0113428291931428,0.015219083799443,0.0022322639965745,-0.00115459994269764,-0.00176027307061749,-0.000228487349753833,-0.00359691691151252,0.00375459910095212,0.0157259211956778,0.00587433943359764,0.00753143111351388,0.00435308075333137,-0.00975154248708467,-0.00428931178987614,0.00184063392609993,0.0220108865357656,0.00236638030966938,-0.00614048959649243,0.0152237320272801,-0.0105861431225435,-0.00990424027522218,0.0135192267107528,-0.00485736000880397,0.630942881855704,0.0108224644999847,0.0201378850098865,0.00810081771702796,-0.00517639492388485,0.0208842479723054,0.0482336563254943,0.0100106761255296,0.00901153259589389,-0.025666124983136,0.0158898196444839,-0.0298280453562453,-0.00796671562879323,-0.0036184389804473,-0.0369032211410729,-0.000563941757131708,0.0131583636218168,0.00162535124954888,-0.0323092388867717,0.00499398336770828,0.0153966779202248,0.0156795709300202
-0.00558576083405344,0.0448344958990303,-0.0144412697665585,-0.0154360868490446,0.0185163851944724,-0.00271234500922289,0.00346735533632769,0.00380103248592642,-0.00308773339135373,-0.00499806989951586,-0.0039617610329953,0.00815924337285575,-0.00270565820325829,0.000909119491730837,-0.00436110064495116,0.00048561375612597,-0.00266015287548444,-0.0042420460985916,0.00666398758979279,-0.00943490803445618,-0.0120635152817176,-0.00496636375881982,0.0175332013405058,0.0117239301990104,0.00228839551601105,-0.00853104564819173,-0.00399659650415031,-0.0025452883763294,-0.0116022193900172,0.0135164940944073,-0.000342254624459536,0.0125009693470678,0.0186057621820584,0.00913638026249956,-0.0011689456461803,0.00162738851127075,-0.00715439317035549,0.0202466141321425,-0.00430755578174968,-0.00890108771054359,0.00893138108351713,-0.011281224633207,-0.00141912879994963,0.0801819772397239,0.00614349749772425,-0.0159891508941775,-0.0105399833549474,0.00619581853139119,-0.014889700780311,-0.0027939201094672,0.00324960489487583,0.0243690837765827,-0.0366228910453468,0.00424521348773068,0.0288306777606736,-0.0236100612489637,-0.0152538739335251,-0.0104223206076599,-0.000330611971119668,-0.0128461047329674,0.0107200289859469,-0.00301564993683856,0.0318158684668167,0.0107134651157787
0.105643591254807,-0.000671215777470504,0.0121011130605392,0.00456427654767939,-0.00473338205618217,0.00572711395622085,-7.36624512067199e-06,0.0113878418283587,-0.00618332794751558,0.00751098636892373,-0.00650819587563976,-0.0050154815788327,-0.000505536323924505,0.00271014993249026,0.000896783224442695,-0.000906851580411095,0.0140125706719508,0.0112149759954284,0.0134451788870863,0.0164716085517941,0.00145571831535444,0.000300332195680564,0.00249127259086493,0.00364030403173674,0.00606285839269542,0.00357772327476435,0.00607265125863847,0.0147273616487929,0.0170279312466002,-0.00865977612602267,-0.0179559155253377,0.00350499180229041,-0.0165051248242804,-0.00572727652835656,-0.00877711345581394,8.67998630011899e-05,-0.0160954557486828,-0.0013305281183605,-0.0150426380526155,0.0168549615398188,0.00486409364963164,-0.00251140440493794,0.00889228257112971,0.0118560980300277,-0.590756641339538,-0.0250221054062181,0.00773557279166083,-0.0466114709964786,-0.0148300002857987,-0.020440550018984,-0.0166519942794557,0.00326702811562327,0.040859901574115,0.0394937034899247,0.0055624986445832,0.0104050391211968,0.00503300419604959,0.00905198741143578,-0.00836299451077608,0.0270556693420581,0.000720293863872686,-0.00284537296027434,-0.0178932753129779,-0.00118007530835358
-0.0828264820826566,0.0895433469948548,0.0111935954903602,-0.0113037131226236,-0.00309588107898621,-0.00417909471263491,0.00527289361486278,-0.00506909483799755,0.0137228774319079,0.00806109424845455,-0.00226822092048394,-0.0201118913310457,0.00321722631657035,0.00603392768215005,0.0050656788632422,-0.0109997081519622,0.00555458621088449,0.00686423630613414,-0.00865105463818392,-0.0030156857104067,-0.0030949361103811,-0.00447055292320749,-0.0139237428718042,-0.00106239191220333,-0.00725748022357111,0.00708390807546269,-0.00644614344062915,-0.000339225908680412,0.000664383006511697,-0.0076686568565938,-0.00911270661121768,-0.00146828322522537,0.00881125783405538,-0.00529730324549298,-0.00232451694550857,-0.00642397110795333,-0.000932389611639948,-0.0104311377115842,-0.00756067775608169,-0.00121787552603901,-0.00423912878983213,0.0145984338551638,-0.00299944470844319,0.00915940222512227,0.00653775890325967,-0.944464946884843,0.00880975650546106,0.0110802044764275,0.00156631332147438,-0.0217141356901183,0.00200556732741516,-0.0401235216004391,-0.00389460387293815,-0.0263354652605034,0.0436191263622805,0.00232939628801626,0.000350869865105071,-0.0197608646711016,-0.0246121589144575,-0.0360113582561928,0.00117720130180797,0.00732394945522401,0.034265370997841,-0.0181663957739942
-0.0912233193052731,-0.131790671719949,0.0117696890458368,-0.00521412176371482,0.00442183685359875,-0.00146702457415101,0.0115764634756854,-0.00564333989834818,-0.00607409146378924,-0.0179501619973626,0.00538055113238029,0.00399651893063777,0.0100345275691177,-0.00227882558959988,0.00278195948795663,0.00204304502759069,0.00951654305193552,0.00878647613939866,0.000263877899588016,0.00918532331099728,-0.00601213725772515,-0.00766525136036057,0.00320286527671046,-0.000212556408689372,-0.0144740410545736,0.0143790958701663,-0.00430595999345143,0.00450541793655508,-0.0149164829300846,0.00758767277252263,0.00856733851776928,-0.00741372729104631,-0.00840391441798834,0.0170093861846821,-0.0144585984352876,-0.00520677577079969,0.0110879684865944,-0.0136069910109045,-0.011955334062653,-0.00553033992835658,0.00728998270045435,0.0207345437492723,0.0121407988528212,-0.00264036151110255,-0.0139762224508116,-0.00954519510803534,0.892201713622201,0.0188224849457028,-0.00680903476331528,0.0226986711020518,0.0106273479424214,-0.00931666938496039,-0.0166403403925369,-0.00804160400551607,-0.0224619285904932,-0.0182211290472979,0.0119117157483539,0.0148244517261543,0.0455295496313181,0.00439710875560575,-0.00395765366242699,-0.0143553516715408,-0.00943404518175199,0.0386001538639778
0.151141773277352,-0.0243579380578469,-0.0196889510765148,0.00490522617525005,0.00292669269128584,0.0137694354569954,-0.0112402840222745,0.0174661252615766,-0.0047482162961753,-0.0144123918824873,0.0112225173448955,0.000177357385022581,-0.0114035476919256,0.0003965761192488,0.00280338903866029,-0.00147774230033527,-0.0012837523260251,0.000139755090590166,-0.0068546782396675,-0.0122069045491636,-0.00684253079905966,0.0270271581265632,0.0159057118592283,-0.0062298823889572,0.00365982972188912,0.017482220916371,0.00661552863754528,0.00180208756549206,-0.0127390036445365,-0.0174421791895216,-0.0118996472859625,-0.0120226591636829,-0.00779533445749177,-0.00237017510476408,-0.00515875777346582,0.00587379582012457,0.00727827782921002,-0.000190053389959872,-0.0106184953428628,0.00409508983052404,0.00831937552518515,-0.0136513195497707,-0.0116010138669301,0.00013011479617037,-0.000782889635159427,-0.0194614634674182,0.00734447597339098,-0.240764764379125,0.0388127695262588,-0.00735730005044252,-0.0168800366861344,-0.00940468619623112,0.00250853292132934,-0.0276793715577877,-0.0105875050245299,0.0156988552735219,-0.0189029245084888,0.0108658188436456,-0.00100336643295106,0.0328420337634446,-0.0129195693471142,0.030181063893728,0.00680771172100505,0.00724541763680647
-0.0965542499036541,0.101075120927863,0.0084352566595377,0.00741177517065472,0.00727276014131421,-0.000263830240564951,0.0165445405773713,0.00379824734129993,0.00251354966799636,0.00566486985594407,-0.0099930231686001,-8.44328243702133e-05,-0.00690418819954447,-0.000897440548334336,0.00241270716374303,-0.00692895164853791,-0.0115354945962689,-0.0159415230700911,-0.0095875541847159,0.00500705386277802,-0.0149671262478619,-0.00884580264427491,0.00457828473869758,0.00324941455740526,-0.00255912001819168,0.0142428312838052,0.00885475021935673,-0.000347231085091992,0.0019907585063805,0.00482925500223762,0.00641476322359637,0.00753590090052645,0.00859767193691543,-0.0144205162562278,-0.0191342571178424,-0.00271966003280617,0.00128762085253193,-0.0122344951997431,0.0154792351047615,0.00640930896557798,0.0133591086989075,0.00376777574271916,-0.00260788735612041,-0.00136821434113685,-0.00952291170068477,0.0123449654952272,0.00941663883367572,-0.00713152887181343,0.973455077454311,0.000353825934390476,0.0267018888597563,0.0130222689497668,0.00996172865208192,0.0208112734536164,0.0256168243808207,0.011401879845566,0.0204746039774365,-0.0120548445922909,0.00721468639513056,-0.0176874977042123,0.020101191471933,-0.00360146055289661,-0.0128687408294257,-0.0206749375515668
-0.0161628510805834,-0.121434471574011,0.016927996995697,-0.00789875676946401,-0.019003503731024,-0.00956518628141563,-0.00508883968611423,0.00271265128528028,0.00313293174410742,0.000664473509158934,-0.00811011412520026,0.00582934277076767,-0.00605257900183933,0.00201500298311742,0.0162040459006884,-0.00298894795705156,-0.00971159787512801,-0.0058630086782921,0.0169811797304758,-0.00973622304398099,-0.0197921665990214,0.0188989092901692,0.00311375125590207,0.0136730104242841,-0.0184416681909295,-0.0102422606373085,-0.00492689927380416,0.015924768666746,-0.000924860934474399,-0.00526010709237851,-0.00327094929985522,-0.0106598370997386,-0.00960807090219364,-0.00141548151673205,0.00681024175204581,0.0114644379264987,0.0216845072633978,-0.00840059746901695,-0.00110525467508489,0.00714474343270068,-0.0063842269061555,-0.0072566949985981,-0.00263907661018558,0.0130256786628219,0.00960210280127685,0.0129033686088289,0.0165581928311253,0.00141149948903651,-0.00489719391353509,-0.198155509719493,0.00496099736703453,-0.0033076770704755,0.0148903552223967,8.63712807199716e-05,-0.0131505749289851,0.0212971279161282,0.0076741028771275,-0.00429183668040475,0.0191361373266022,0.00672870464662658,-0.019473210518518,-0.0319585780883014,0.00715639603748026,0.0224253072875266
-0.0218380877335315,0.0104889118553879,-0.0251280031172569,-0.0116053505519452,0.00892563236309275,-0.00407900680667671,-0.0160395113868459,-0.00040735426453809,0.0176633970445285,-0.00878039283432099,0.0126648339505654,0.0180807699907005,-0.0163239241114041,0.00609013238365525,0.0107889785139138,-6.8827538759338e-05,0.0130232225870941,-0.00380190067415647,0.000716655614916392,-0.0012724079996083,-0.0010458385041892,0.0119429058390864,-0.0066149419581182,0.0106353483496364,0.00958210289678966,-0.0100078192640938,0.00200659943289602,-0.00714887757016603,0.00282559964542448,0.00610752391575122,-0.0101858104710166,0.00426595115403924,-0.00828767997033278,-0.0129336281029998,0.00362303282633658,0.00121148465121573,-0.00836057216373741,0.0140657225121846,0.000424789388664859,-0.014820123819272,0.0156271553168432,-0.00239396117621752,0.00543726340351208,-0.00540883599804928,0.0196274377158819,0.00216775315598859,0.00736499523665106,0.00302124889235916,0.00953021126916026,-0.00538647189653441,-0.44554697209231,-0.00892698561160475,-0.0146114275188216,-0.0257241534425817,0.00286679218093047,-0.0327955343218672,-0.0359541717447021,-0.0200860691602086,-0.0174522100117113,-0.00980246491970013,0.00133946704719765,0.0198200450135814,0.0233977663389749,0.0338581192141296
0.0555072902221734,-0.0147023905311137,-0.00109495555810321,-0.0168296140465161,-0.00229329437880135,0.00181293533997427,-0.0051677293552215,0.000947520158204962,0.00170209756359054,-0.0228386874094097,-0.00899301523121315,0.000157194033987566,-0.0162122016147943,-0.00715294906281587,0.0100431711531218,-0.00230632459207791,0.00749920605094056,-0.00908074799341483,0.00646874435819652,-0.0101962730385092,-0.0102417800243272,0.00320437050890371,-0.00603633739205678,0.00184791516622184,0.00380149429883344,-0.00383051113121913,-0.00352864798125758,0.00324077683950708,0.00957079780398408,0.0161678757607432,-0.0100093742212258,-0.00774436417579155,-0.00772430309129656,-0.00545289939260765,-0.0136956310146942,-0.00764803703357024,-0.0047453615225715,0.0023951793062804,0.0153406270055148,0.0042806193189106,-0.010643097570824,0.00469570197769111,0.000191602099879913,-0.00840612403357852,0.00227517246205992,0.0243603872005277,-0.00716179292008491,0.00452747188201014,-0.00785600545823645,0.00124534122274706,-0.0128910212652324,-0.879351112792772,-0.0280577915938108,0.0253947097548991,-0.0308721265866177,0.00212866904659217,0.010039838374317,0.0225897529882723,0.00474045515051085,0.00864119052277585,0.0077342096960248,-0.002818494068132,-0.0178954138636834,0.00204770357289718
0.0730068310597202,0.0815431105290327,-0.0016860406045976,-0.0288724296671658,-0.0079305751653778,0.0094139160772922,0.012089830689703,-0.0139717138337359,0.00364664408664039,0.0020781205108069,-0.00168061886108695,-0.0129583221835569,0.0102550726965611,0.0165447159678422,-0.0235100155402594,-0.00890657959036105,-0.00363928299108642,-0.00656641112332193,-0.00695346169195189,0.000365870181002458,-0.0138881240073865,0.0120423998846315,-0.00300731202823603,-0.002651472661797,0.00112275058175698,0.00402362248307438,-0.00230724114764836,-0.0120423599078199,-0.0175798848742342,0.0186486782472818,0.00149943092564574,-0.0156457501896987,0.00148219501721287,0.00701366999708871,0.0113025108031524,-0.00123161183281564,-0.0120458243027921,-0.0110822407966559,0.00195601505374437,0.00373427563473896,0.00812779745167834,0.0218365769466137,0.00335295263877768,-0.0115438551088124,-0.0150397527997394,0.0193456708414571,0.00617426468939135,-0.00342913182627761,0.0104960299223093,0.0130842343581305,-0.00304455477034364,0.00384116682212764,-0.922059403883446,0.00265927306199347,0.0170804625057706,0.0395670503869035,-0.00351948692342688,-0.0238066025387629,-0.0156450810231239,0.0111665124630282,0.00156529592059869,0.0111302927261889,-0.00345356421716175,-0.0197248009421085
-0.16849216853412,0.00910095941969067,0.00997146840046545,-0.00387151064343807,0.0066835039869019,0.00187547797725923,-0.00072799250299627,0.00829193783981449,-0.00530196384256672,-0.00500387004534807,-0.00296371633019368,-0.00582798354405632,0.000907914110867276,-0.0245336451610207,0.000331537924022636,-0.0046776364269546,0.00905012892633882,-0.0064166918681714,0.00230444514045091,0.0111171907631637,-0.0152079106969429,-0.00753147658904018,0.00559972966897095,0.0129827821838622,0.00269669315426957,0.00356823328986113,0.00199328251109072,0.00922053720777083,0.0225672989193197,-0.00226636604717727,0.00333632303430561,-0.00336525116657945,0.0111526945153093,-0.0078581301928683,0.00746989012459506,-0.00899208717576967,-0.0176828705762996,-0.00863677656264516,0.0112602121122177,0.00293655769156623,-0.0105384883853809,-0.00344840322790591,-0.00771178461564762,0.0105084200437085,0.0215808856539315,0.000705000956460748,0.0119044370702413,-0.0166074537419888,-0.000247719199875672,0.00577480600517091,0.00452170172388602,-0.0135586475580075,0.00847922924550416,0.2050564183001,0.010268090953569,-0.0135158893908607,0.00819639408758794,-0.0197054376499493,0.0116673487139521,-0.017013641349899,0.0184262456597647,-0.00660299514882504,0.015012429912969,-0.00613464070016813
0.055555978651928,-0.162448243229817,0.00644076759774812,0.00616917422650359,-0.00263353783932527,-1.83999854826249e-05,0.000929058234037739,-0.00314681516970913,0.00638385490460582,-0.00210198889885343,-0.00715418333542866,-0.00592770885217086,0.00452066140887511,-0.017314074899518,0.0192305317600711,0.00874531045180268,-0.0167540842962138,-0.00510449086317789,0.0098135084584343,-0.0149410650792837,0.00558492544456859,0.00342553634120445,-0.00545678123578718,-0.00536713279411415,0.0157851136460636,-0.00269353130229213,-0.00311842472016928,0.0165597721492359,-0.00227060352228462,0.00299981776101946,-0.000623048514762181,-0.00640719588594212,0.0125410798500069,0.00306129594669194,-0.001452392123869,-0.00875439511904397,-0.00900785375024723,0.00841550997982469,0.00463761974802824,-0.0129907258375876,-0.00123692587831822,-0.00905009765760841,-0.0109518056682272,-0.00242649365944115,0.00794295283068106,0.0164436059504972,0.00836932931024705,0.000850775801112112,-0.00140487160655068,0.0165753053580538,0.00128043548989136,-0.0141486225960677,-0.00175526018307491,0.00877705750700738,0.916613376631601,-0.0196427067486174,0.0115584321373614,0.019726767605879,0.0312223271240418,0.0106420489251327,-0.0189796101650046,-0.0113320785978077,0.0209348183888883,0.0286700650761365
0.0791731145216748,0.117422886875373,0.00867391291156878,-6.03122756016317e-05,-0.00840147547261177,0.0220005437410861,-0.0120087055076751,-0.00917998640364128,0.0236965202346802,-0.00275807687057399,-0.0171648146129103,0.00579971022029505,-0.000965382299940108,-0.00430279798261148,-0.0108914132825073,-0.00232180612612114,-0.00488325129621865,0.00195181932441491,-0.022240993903868,0.00621243540807292,0.0127251697450764,-0.0186602990305518,0.00928907282147295,0.0100562842177609,0.00310943392663901,0.00292712304555919,-0.010222446315415,-0.00897445226549116,0.00263956125733052,-0.00799162005012398,0.00589051163505108,0.00391712633712915,0.00172732998094639,-0.00355677893606826,-0.00267624577798771,-0.00192425360965198,-0.0130064592084637,0.0148405439881373,-0.00838587716427356,0.00541189189292009,-0.00826500174267139,0.00101944533191493,0.00363068430438437,-0.00502195870340181,0.00902205432966848,-0.000674537273176137,0.00493031070886507,-0.0169939239974862,-0.0105790356924214,0.00510906311654822,0.00047759429909236,0.00486709814758447,-0.00759273736603682,0.0011561426454407,0.0242389688061159,0.226061085246336,-0.0210162123878412,0.0120491900754438,-0.0197340417109112,0.0158389877550482,0.0110331841157159,0.0461982155904868,-0.00315488608225798,-0.0063634476759239
-0.0666960740232126,-0.0348100298175516,0.00990308248057869,0.00478904456833996,-0.00479776547258572,0.00947972048592655,-0.00255519091214727,0.00289238871262429,-0.01358084495001,0.0130384053241195,0.0120720099170927,0.00498492633581081,-0.00400789294461033,0.00632677566889274,0.00804568095569915,0.00231138527414025,-0.00393694551901015,-0.0104578118266057,-0.00933414033465803,0.00189899572196114,-0.00244201228942714,-0.0058613131092651,-0.00885179926554337,0.0254810754400579,0.00523904919227875,0.00122512687799392,-0.00701490003915593,-0.00340152679362446,-0.0031482238038781,0.00987307796534216,0.0108901475727008,0.0105716046349127,-0.00683510800204269,0.013939268319965,0.00515946956024406,-0.00365601062518982,-0.00789827294365336,0.00490679856663373,0.0154848360474692,-0.0145758807256295,0.0109531084283663,0.0146347482015224,0.0106084922013146,-0.0016270912067313,0.0103785795373183,0.00243844695953284,0.00218932293941682,-0.00452378389084922,0.000713578425009867,-0.00378556543833886,0.00650002782671383,-0.00261922972023065,-0.00787184431260531,0.00800426310176888,0.0152403237876562,0.0085588629996879,-0.954186017399294,0.00582551977698197,0.00223054463258517,-0.0225550240976788,0.00459894817884248,-0.0332689130239473,-0.0111558305844877,-0.00146938875306714
-0.010026582787103,-0.0526779758576842,-0.0105535704987329,0.00959247334177521,0.00580573934006567,-4.55182825905565e-05,9.29220134054613e-05,-0.0110113059211805,0.0027215742137239,-0.00148759060688164,0.0234253652557464,-0.00762867725382576,0.0119052684840327,0.00306216727573785,0.00970195872725436,0.000991136872272665,0.0108439949264059,-0.00591322402538834,-0.00466724000429594,0.0103161791717281,0.0131018439041003,0.00495903694798349,0.00930335061258797,0.0110168777465233,-0.0105606025815857,0.0026819179605091,0.00793337118762205,-0.0184058434931361,-0.00223766232409671,0.00779834242252563,-0.00109730598727652,0.01669133906556,-0.0161714187017177,0.0178552928448373,-0.00292246981657721,-0.00665747293322865,0.00253213315304194,0.0134372876185912,0.00382981460161843,0.00421850026479858,0.0162774200893456,0.00111544281640067,-0.00239064777812407,0.0175463785397746,-0.00285946811162275,0.0109895515093866,0.00320902468112773,0.00503744550393175,-0.0277815728080612,-0.00761540249939779,0.0116365777502455,-0.00996227838866545,-0.00662636805414782,-0.00246105411384945,-0.0112185509888588,5.63681192805587e-06,-0.0035834158242057,0.416868061611118,-0.016128234256458,0.00573794350372398,-0.0319678951041827,-0.00796773910754896,0.0170770260235333,-0.0103216920426984
-0.0334399344596245,-0.00705934356708053,-0.0103739498198889,0.0195109414804641,-0.0154164357089146,0.0243025037572099,0.008586065756239,0.0110461617743495,-0.00495076354287394,-0.00779120828738691,-6.45742269805545e-06,-0.0110630283508805,0.0112572575032703,-0.0011187968916602,-0.00311462237922787,0.00050327378183406,-0.00483862086068145,-0.00221504622163139,0.00640562532938334,0.0165563930110198,-0.00159424638084551,0.0238761655725056,0.0185249301919663,0.0019644860834349,-0.00235800749723461,0.0105725631281456,0.00999411664498643,-0.00824988345754187,-0.00064639903926488,-0.00511597237614319,-0.000342942485746674,-0.00566507235485253,0.00135353677314005,0.00156434945588078,0.0192242982919917,0.0101459546385695,0.00481540000865494,-0.00106542306275378,0.00497035794788654,-0.0128101500390277,-0.013937881255906,0.002668724271787,0.000691901280815239,0.0062313546886443,-0.00277657347446639,0.000528762861922653,0.0216718190785328,0.00424336638686835,0.00273173413610548,-0.000308252920702291,-0.000425914254258013,0.000211407195558493,0.00781717599296545,-0.00101232497420388,-0.00322071940873033,-0.0026093896501069,0.0316191616616696,0.0130880145272846,-0.167986554428858,-0.00261671146230296,0.00310758827366637,0.021650273419823,-0.000653485971678268,0.0068962073197604
0.145644658777719,0.00117866463391348,0.00151515714598135,0.0171361108296879,0.0198134367349947,0.0111548487113333,-0.00602522307830944,0.0144481147135106,0.00548145787819763,-0.00327017714650185,-0.00591900159372537,0.0109414647900181,-0.00565321176850959,0.0045740593991555,0.00233861393852217,-0.00625211448698358,0.00090203993342022,-0.00883164303137687,-0.0077898293176411,-0.00893135792370602,-0.00522913968778743,-0.00432151645912799,0.0189011956994727,0.00404793055115017,-0.00111574945195998,-0.0139841435631584,0.00237017703319602,-0.00721280684333816,-0.00620865503749118,0.0185581321552774,-0.00354190623246948,-0.0126294196810834,0.00509873850585739,-0.00921255234535831,0.0112166453699313,0.00634892215730375,-0.01027843968301,0.00348328183608775,-0.00581527455161882,-0.00802131279773302,-0.00119052357062472,-0.000296319106343784,-0.00388258861260191,-0.00984109412894939,-0.000341293113011107,0.0141157694982595,0.0227723624459905,0.00615802108221829,0.000823147698979945,-0.00701075630497874,0.00291185409767943,0.00395837907245513,0.00390871708740329,0.0121652376375909,-0.000376819010907747,0.00998979509880515,0.0053436264510284,0.00160385916169906,-0.0106922468442547,-0.75105935841977,0.00440555846279128,-0.00372525085040758,-0.034313183459063,-0.00428291870883576
-0.0713995204080777,0.127903142437572,-0.00437927649310092,0.00572877059839497,-0.00771409902131137,-0.00226334690716425,0.00354268345454589,-0.0059833653861029,-0.000968894500217899,-9.22023940535949e-05,0.00204108608549376,0.00904726573329585,-0.000212191499676641,0.00390043760073996,0.00309786097271295,0.00663665700793663,-0.0082789467572285,-0.00609305841168377,0.00357737172252877,0.00416759434189837,0.0113988206825417,0.0112072133397383,0.00519176542283703,-0.00454089118847507,-0.00370512484918686,-0.00423269615717282,0.00107708902836241,0.0109070652889584,-0.000213656855735026,0.0150134776219043,0.00282680811283878,-0.0143821726175064,-0.00244045371359857,0.00338793492795164,-0.00404455339357893,0.00317358636900208,-0.0292086809243884,0.00187581037762345,0.0090280044090808,-0.00751100387503902,-0.00356025902224434,-0.00438997271870998,-0.00745441608809878,0.00474799724238839,0.00517286495117048,-0.0124877723862033,0.0112724798152598,0.0155797223798256,-0.00831998264812414,-0.00619053376520771,-0.00319511664215267,0.00203364238254009,-0.00242009979327213,0.00877214569687719,-0.00355121965518942,-0.00447405668862411,-0.00147277685695523,0.00766659578917941,0.0106913705103301,0.00554604603468296,-0.589687493879879,0.00906808026403333,0.0153346030163572,-0.032953647543777
-0.105271796572452,-0.12656968581791,0.020092399871519,-0.00866697611438014,-0.0142630678560327,-0.00434694981869625,-0.00861700586149542,-0.00473386876850048,-0.00657188099479634,-0.00461016372263354,-0.00168286940606471,0.00625128333013682,0.00454654611433247,-0.0207145667069752,-0.00108139002368205,-0.0093526315183791,-0.000490146704310822,-0.00202777559660177,0.0023439182985731,0.000878865966690391,-0.0023750982597528,0.00429189677012549,0.000546131689727228,0.0159294294840497,0.00748667826752456,-0.00242945462077436,-0.00563863552742009,0.0173406941311629,-0.00979695397018236,-0.0104232095955929,0.000400512655796497,0.00737663574946717,-0.00371251129694065,0.00140911286969982,-0.00626597965777185,-0.00383480667196476,-0.0021552049722381,-0.00997312234716496,-0.00161224214638836,0.00642434700256483,0.0208087289593714,-0.00375840533914176,-0.00752412164682693,-0.00519819492316853,0.00185837492508263,0.00120992381108815,-0.00701234163103291,-0.00558945928390511,-0.00605544578978486,-0.0117869890412092,0.00981130566628285,-0.00334725157431773,0.00407413125825941,-0.00565675664136582,-0.00315513457784139,0.0173017329188201,-0.00949704400517805,0.0141374681036489,-0.016574954188553,-0.00681550486113339,0.0180610613832075,0.858031512748538,0.00763998731094521,0.0259545657296656
0.116761770963412,-0.0405142865435097,-0.019644272699413,0.0158632698224864,0.00628599582459913,0.0109152195840065,-0.0290065149574846,-0.00115771753060082,0.00200561852731567,-0.00767396856233987,-0.00505546866641814,-0.00305258349851226,0.0112542411821141,-0.0134806239043537,3.72725361865271e-05,0.00886149373247252,-0.0159714519695623,-0.0159999283729158,-0.00737642610347015,-0.010938296414019,-0.0166766429902633,0.00468460866292224,-0.0135311724670327,-0.00231747639322909,0.0226305125287877,-0.00514186462272263,-0.00537219166389571,0.00698246126016892,0.0156434264673851,0.00322687093523382,-0.0118989091915671,0.00513695915201467,-0.0218424135097983,0.00684991220210739,-0.000456363471245765,-0.00915636422702303,-0.00731431973232051,-0.0145005223401276,0.009019375612363,0.000391621618653798,0.00125517807788859,-0.0124022423636225,-0.00570574574310958,0.0312182348582422,0.00113079284647823,-0.0140694366488282,-0.0064641241040362,0.0113028061976218,-0.0289467841153023,-0.00879849333858011,-0.00195135217189671,-0.00779033020563143,-0.00150251711473706,-0.0023018387749421,0.0156849989283898,0.0106316577733351,-0.0174193620099051,0.00912115237933794,-0.0057987978991358,0.00654037704398957,0.00141400858799554,-0.00679001129094897,-0.171356420261893,0.00360589048184623
-0.00475254430130554,0.118584277075722,-0.0157692251949611,-0.019655058479486,0.0138889051560906,-0.00937074857844599,0.0018330195003438,-0.0105213851071417,-0.00721715505751376,0.00667434304113708,-0.00623688280253273,0.00383930612650453,-0.0108033459786044,-0.00994669729348514,-0.0185829129105311,-0.00116394941112651,0.0169913845414083,-0.010774022754328,0.0180100306630407,0.0170762812442515,-0.00211897099496066,-0.00265287710511883,0.000458355097971868,0.00679098602723,-0.000589545588938484,0.0172959681257166,-0.00522146211248733,0.00015301857857213,0.00600868138957592,-0.00342163282899288,0.00773652553177813,-0.0159836625502804,-0.0213785479146799,-0.00943473762106421,0.0151629054858153,-0.00413732331282577,-0.0147970048494852,-3.19738099321745e-05,-0.00688169444212947,-0.00103852593664779,-0.00428188317149209,-0.000602359377034357,0.00214368386427501,0.00435299213247083,-0.000498985288803915,0.00594856037926782,0.00109802874114325,0.000210682638220751,0.0083790915887064,-0.0107438873207597,0.0375859450748478,0.00158458938827882,-0.00134348820425864,-0.0124604793798897,-0.00848505605351119,-0.0033526886011274,0.00717757572056265,0.0102000384456195,-0.00527521571350903,-0.0055637862217445,-0.00347406851104589,-0.00734292598788177,-0.00732122218847928,0.299616770173684
