0.288270628655573,0.0446969775329532,0.367483315950702,-0.0597714907811434,-0.00188341445377921,-0.158351395714719,0.217424527292567,0.0375720545436152,-0.104373401635833,0.155837872712845,0.0288371980070198,0.0716438174832065,0.0975462260105461,-0.0103968581059887,0.0780971045375529,-0.0531870646008162,-0.00933472911941583,0.0886528903369638,-0.00597444250704069,0.00669993008018006,-0.0585690461096283,0.000933079231991588,-0.0160081190901662,0.0352097689090063,0.0511632546420287,0.00300946251088501,0.0489033770092836,0.0459336352335331,-0.0294227593660201,0.0702626995134932,0.0131410492313804,0.0169257158345725,-0.0318527887321092,0.0539893654651778,0.00669508407846415,0.0395188491114253,-0.0204673103245809,0.0238222834056553,-0.0276796580652029,-0.0171493680323854,0.0164285373356337,-0.0210771894712061,-0.0316795069068349,-0.0245505135559065,0.0446805730825738,-0.0178154850130337,0.0113141622278364,-0.00727957603252185,0.0316702938824228,-0.00542054843697698,-0.0538766142352551,-0.00175746588780751,0.0314748223368747,-0.0031939683927719,-0.0101493175779204,0.0304272274211469,-0.0208859640347349,0.0267966281978129,-0.0147217194202332,0.0479818632647726,-0.00218197019663511,0.00854463080242966,-0.0245723998836227,-0.0025422111173221
-0.0611696536604091,0.283329370609917,0.43452994850887,0.21737637849086,-0.292931330006164,-0.0247883377979002,-0.248493279979173,0.19475859244305,-0.0999656135904265,-0.129679237880063,-0.0420901073615274,-3.99637614608653e-05,-0.135667645190055,-0.0996511396083794,-0.00388447122907973,0.114038409624918,0.0229806754247199,0.00953369687188244,-0.0367803976440516,-0.0703173417013186,0.0152508450640525,0.0182432329323244,-0.0678075643096324,-0.0166741671379001,-0.0486700186050761,-0.075278553538641,0.0138031823258745,-0.0733146112429339,-0.0579204260342623,-0.027278796508585,-0.0488014358773809,0.0239612123578893,-0.0213601529695985,-0.00380511685916355,0.0266308122184818,-0.0136407401778116,0.0656829113217981,0.0136374019163095,0.00693966791817228,0.0409441415482408,0.045763547612981,-0.00844250238325144,0.0538634751222151,-0.0275005485510299,-0.0116957806026266,0.0281887145770975,0.0236616580158861,-0.00558007187665513,-0.0404459516250245,-0.040360741971147,0.0168815670209387,0.0195811947172847,0.00418672684479579,0.0180652838405839,0.0391435508137449,0.0126504075675536,0.00930650066933811,-0.017633856061001,-0.0332775430094884,0.00104213673294051,0.0224386073212732,0.00393079373000728,0.0137439484728602,-0.0164245767231798
-0.0689104614918962,-0.117739083192723,0.632937918706737,0.144203518254558,0.326175424318918,-0.103284411740462,-0.0301969577834968,-0.0990134453697695,0.212411044401907,-0.0928093493465105,-0.00217350683970772,0.0742959927770712,-0.0182035971072683,0.0569659903271154,0.0289545690492095,-0.0107198980475499,0.00970631749178023,-0.0612014219292835,-0.0228243404315595,0.0582946754409537,-0.0421684950896994,0.000587099651173564,0.0462452398012368,-0.0633723944117247,-0.0278802117282416,0.0411800677601317,-0.0714969565308912,-0.000344564935763264,0.0371801540625641,-0.00406700772748762,0.0155963222315664,0.0109059730139977,0.0514661514571487,-0.00501825055897207,-0.0452543094043826,-0.0354545656152652,-0.0137727505036199,-0.0496698786862882,0.0126046094785622,-0.0276610840059713,-0.028869486368932,0.0412155154951524,-0.00597232521373038,0.0373246244714725,-0.0271003131228476,0.00239565405115638,-0.0054727398476031,-0.0147751251696712,-0.0188664682762591,0.0190648446462565,0.00335439665950758,-0.00728398127476014,-0.0094255757107025,0.00820571023702639,-0.0167342357738097,-0.00503420680649561,0.0283210169424956,-0.000468189691554063,0.0375313131212417,-0.019490573004717,-0.0138611298303429,-0.0196276211612732,-0.0140504886259873,0.0121902323128694
0.0312938752214621,-0.0267350536198253,-0.0115840710875807,0.780957746940243,0.152117012491005,0.145097338885191,0.118210209487537,0.00669531249463463,-0.0858695876127499,0.173242768843202,-0.0638931011185563,-0.06694489834818,0.123368176557923,0.00891909796479812,-0.0628129215944163,-0.0958451856169528,0.0317484839773298,0.00537852143605675,0.10844224156289,0.00564207366921735,0.0445021107044075,-0.100567199144217,-0.00223940966915935,0.0851396892386569,0.0560924374724877,0.0336005328330451,0.032089413388937,0.049896784181164,-0.00430507061396407,-0.0158758601348903,0.0601987512001166,-0.0126667235293006,-0.0155065108414866,-0.0291135878670795,-0.0104359028932934,0.036129287973113,-0.00785963667458329,0.00692007587021828,0.0177505149879765,-0.0301323673890888,-0.0198238781155224,-0.0240894305223996,-0.017931729375893,-0.00307459465367708,0.0069359880638082,-0.000364174487532065,0.00162002522554049,0.023375537995739,0.0220087244149603,-0.00117431629507767,0.00720916197713686,-0.0429864015129627,-0.0388594832826625,-0.0515527026682617,-0.00248933211485958,0.0125127198910447,-0.0262926749963777,-0.00347754166796291,0.00902862249122219,0.0237222539188266,-0.0139593684787129,0.0239269047547455,0.0189741920956726,0.012583785634957
0.00544103444047343,0.0318615891696431,-0.00828989606317159,0.00472516792640334,0.704478180055998,0.165016642184712,-0.0129075725586745,-0.123099416416836,-0.0957663388362624,-0.0340460372043013,0.161957426393171,-0.0526122530396524,-0.0537474299470214,0.0411165561032731,-0.0395731102497025,0.0609468696348968,-0.105515638409254,-0.0202794960674899,-0.0590091842372325,0.0275574120790373,0.0227498339075629,0.0695194853337655,0.0231101913848072,0.00667539546823184,-0.0368767242197372,-0.0528636728670138,0.0224800954058114,-0.0154936134757697,0.027833251567103,-0.000725563170840113,-0.0249084786074034,-0.0513503198662879,-0.00418652715109645,0.0267616340998741,0.0321088105740512,-0.00345624658548584,-0.0317550364440702,0.0162767222075997,0.0118509611798255,0.0137568180738729,-0.00232569028235868,-0.00464425331787783,-0.00888215442797145,0.0184173165698401,-0.0102393370718806,-0.0222645802756089,-0.0255707798647205,0.00386745492204509,-0.0129078936607577,-0.000120115950491472,0.0050232358046799,0.0147998083158208,-0.0147065842070654,-0.00674149829442035,-0.00147883509495485,-0.0156633302264692,0.000875063820160381,0.0109948809124781,-0.0248169590497155,0.020312075671499,0.00512504917082215,0.0170878321205062,-0.0123677343301561,0.00182970460650959
0.092292893198521,0.0249012273627244,0.0102333537251175,0.00188611932727185,-0.00970158528353481,0.827109950456553,0.0195340565409717,0.167573142617556,0.0130022715897676,0.00180828921360268,-0.0681382437915813,0.163087302356668,-0.0223404561087526,-0.0672115977296152,0.142831646152479,0.0164723129791266,0.0536996593957074,0.089776637596162,-0.0411201530866541,-0.0404876216416888,-0.0940641326845388,0.0356714154481792,-0.0432724357617984,-0.0270428450898825,0.00987286213218314,0.00627262352743712,0.00407037982208337,-0.0126270033732813,-0.036107430671511,0.0636917544100906,0.000665275392446776,0.0481530032254457,0.0113685317017756,0.0351714285451083,-0.0144062258911451,-0.00293818484599317,-0.0146970895553172,0.0142370453170705,-0.0348644027160961,0.00827639434769581,-0.00290547508559359,0.00180604124640994,0.0102908943393843,-0.00899407682139437,0.0266642538242783,-0.013273241263342,0.0350615746819303,-0.0254938372522642,0.00414327535398123,-0.0317232001767726,-0.02662376845131,0.00858145404426171,0.0321243674430031,0.0108117727237123,-0.00323646823930056,0.0205566790267913,0.0203743953314747,0.0106778648131076,-0.000199847137242132,0.0277697770119561,0.0071669835674026,-0.00612923656135387,-0.0146287197342817,0.0022707393529384
-0.13669023716439,0.0590276608457928,-0.000167519326880505,-0.00275404074624936,0.00258004528387,0.0125041310306942,0.687027752674966,0.11586007193336,0.00100823513830717,-0.0920539785829342,-0.108561292206749,-0.0393689434826691,-0.0415230556373634,-0.0627599328130635,-0.0627774391026484,0.0394385083248172,0.0769193803693425,-0.0329672064992765,0.0559877105359406,-0.0461689234703039,0.0290429773174753,-0.0260164294500059,-0.0352733250148018,-0.010583356853711,-0.0398803150396569,-0.0174240556946739,-0.00963202741155873,-0.0473325389698452,-0.0240195333668757,-0.0481183801385975,-0.0117262128883679,-0.024578363706723,0.0147314933240831,-0.0556127745169926,0.00783965330715461,-0.0183396471577407,0.0458270440246448,0.00942499007899197,0.04538173275958,0.0286017389726991,0.0102345841490438,-0.00335188827057203,0.0176996335577677,-0.00645735172783877,-0.0321876593028601,0.028264887671693,-0.0102602116801611,0.0175570625303637,-0.0324193398268639,-0.00368786364052784,0.0206095199924623,-0.00715232120373074,0.0105332014645174,-0.00307303956797796,0.0183127627076241,-0.00139321460131789,0.00199622296944493,-0.0351024785352419,-0.0113485030180424,-0.0285106754340326,0.00952441645826947,-0.00270822478719107,0.0264853761018562,-0.0122029502632066
-0.0184412431375415,-0.159980861896609,0.00673413979557527,-0.0104070760249488,0.0155522209780902,-0.00801620156121731,-0.0062032460007978,0.828247474431054,0.127788917349744,0.0267297470657005,0.132040968264817,-0.0440629282047136,0.0486395636879498,0.13740579825399,-0.0366174512267275,-0.0730168832619022,-0.0683390515097317,-0.0783858951565009,-0.00733557422451978,0.105386938951014,0.0190770742903549,0.00936612590754031,0.0895791455945894,-0.00209212165950555,0.021802413615093,0.0605887852852954,-0.0450695917543031,0.0181052242003742,0.0704904550120825,0.0023483063788549,0.0332282427777363,-0.0391039622762453,0.0276050925868536,0.0243460730526713,-0.0185132223413904,-0.00720639699840199,-0.0331764242404653,-0.0235171298276681,-0.00333665866103425,-0.0369502472203297,-0.0442072700887391,0.0249617852276322,-0.0271483601481355,0.0332267476290096,-0.0042717842708702,-0.0310972055582803,-0.0260109836949001,0.00117759349061187,0.0105469255155719,0.038520431519066,0.0086244354885937,0.00160397798162559,-0.020025297982014,-0.00752270402782763,-0.0225129367619207,-0.0152954031997022,0.000586570558003749,0.0162197956466429,0.0449123721982678,0.0106888205780496,-0.0172171535316608,-0.00339136322476375,-0.0114100107046697,0.0283165506429791
0.0981690297540199,0.135539012027102,-0.0191807423089462,0.0115148024424105,0.0243469775485381,0.00300014215296008,-0.00411097375094659,0.00809397653920186,0.817211636342591,0.0656733503982844,-0.0555969443190045,0.0260232323022364,0.0412159656387362,-0.115571022808573,0.0309495548654265,0.0203327904282738,0.0217606147703842,0.0814263593933397,0.0186150253165163,-0.0652220435388688,-0.00816857706458905,0.00651227728426169,-0.0701481808129563,0.0511970244322947,0.0231106615721065,-0.0397494963339948,0.0561357880180674,0.00968999633461657,-0.0432702166697715,0.011291690576936,-0.00873845366070481,-0.0028055797556607,-0.0581567877401756,-0.01043156620881,0.032226563565335,0.0611888781554564,0.0153574989459883,0.0401310884928074,-0.0194007616129268,0.00953068650200277,0.0218669980904303,-0.0292715200751276,0.0100508523451714,-0.038630848851045,0.0306286715639908,0.0219069608198636,0.0312670408608568,0.00345172982222874,-0.0065535235135137,-0.0208177237269852,-0.00701587269992831,0.00143532991635478,0.0189925415388942,0.00272188408492727,0.0110810606490815,0.0213464937438908,-0.0284861969104061,-0.0150419316132176,-0.0392009937639084,0.0275995665568497,0.0110047999150203,0.0265621820006314,0.000858591895678079,-0.033412015999822
-0.110259039924475,0.0310209327823359,0.00178383859186597,-0.0112068126873684,0.00100143459935416,-0.0097893567634454,-0.00385624451892858,-0.00260061226828926,0.0110686485835623,0.882854534119731,-0.00506401597552224,0.042674177431663,-0.14878907830768,-0.0222304632452278,0.0528374934543857,0.108122315770437,-0.00205823969960222,-0.0224680445860899,-0.0768657064045624,-0.00502077665787323,-0.00986255707016893,0.0635783158695596,-0.000531097633905496,-0.0727655648041257,-0.0728328721884564,-0.0176018352984077,-0.0474837981872999,-0.0495798376930314,6.23334195923612e-05,-0.01785655642278,-0.0555566342320125,-0.00932490924238773,0.0370630889931935,0.00549736668920526,0.00792542511362944,-0.0534609991416221,0.0286525879702621,0.00193218234775418,0.00140412750012363,0.0379703827002468,-0.00430205771635246,0.0320741037136114,0.0502333994126726,-0.0113500028904405,-0.0292796220760267,0.0122417094920882,0.0127814533180286,-0.0377671403122073,-0.0388192137931228,0.010867895725808,0.00683512569764496,-0.000147824843192779,0.000323666834670808,0.00987168583185438,0.0198528009584438,0.00228699578408076,0.0397624340122168,-0.0020942681530779,0.0123471723117196,-0.0238029180265396,0.00399680364321,-0.011199006530683,-0.0249950839322425,0.00921965175706375
0.0106100775463828,-0.110836499482985,0.0224559524833887,0.0108648651516848,-0.0313637438525937,-0.00304685241023334,0.00623894458478657,0.00791959657500583,-0.01298725645457,0.00479680102591287,0.407629302813869,0.0698963519775544,0.0861044737787986,0.0346678951939882,0.0253095918866125,-0.0961630353694287,0.0691776638883428,0.00312903657869148,0.0573295679667886,0.0416727135804534,-0.0240203057822699,-0.0758343473546902,0.0317479624196633,-0.00426427071342305,0.0292075988454437,0.0720866126904335,-0.0218451625331972,0.0439531789813607,0.0048779285491044,-0.00629587096599904,0.0304990257727247,0.0472325994643417,0.00498654001396382,-0.0282568143730582,-0.0467347508641647,-0.00421486703931108,-0.000838555000111172,-0.0305462034585202,-0.0182566700191521,-0.0382513287473327,-0.0535952556792708,-0.00220982661474214,-0.0188217821188168,0.0105675322100209,-0.000219098470181918,-0.0123651284146187,-0.0119920833205212,0.0102310474459159,0.0183343832398821,-0.00467033894635014,-0.0139675681569118,-0.0262896035969359,0.0236895579383508,-0.0030827931012711,-0.00492746730846936,-0.00348601303628911,0.0172437826878486,-0.00071966826114732,0.0270473290682113,0.0173972592916916,-0.0149889171300127,-0.0258033547053708,0.0166924947216815,0.01597150641105
-0.0258079159695232,0.0269623457257775,-0.0272328483590226,0.00345510884042525,-0.0144565742758454,-0.0197118852960055,0.00272226059623658,0.0032947386562445,-0.00146919629606711,-0.00669772978424042,-0.0091009927572734,0.881995938610762,0.0239473413286206,6.99395659956963e-05,-0.0995881203276028,-0.0103206087062967,-0.033380244060287,-0.0444893242460004,0.0409492731991442,0.0122740658789932,0.0935548611690018,-0.022629575144081,0.0264351656141485,0.050712009769549,0.000835569209242837,-0.0314080446353498,0.0253516760452041,0.0225199520756686,0.0283872943323207,-0.0441602144986554,0.00192693029822432,-0.0329802925746521,-0.0302154016368432,0.00364880715197394,0.0518788414806294,0.0280088207175994,0.00489827643630005,0.0199760225855388,0.0199334190319702,0.00680536451706809,0.00417096914568403,-0.0463580253678183,0.00269026982002164,-0.0113705292761195,-0.000425672865412741,-0.0171115362993059,-0.0256874581556102,0.0387006014858012,0.00555747640963549,0.0170278911808881,0.0273121892011481,-0.00497306151797816,-0.0409467898831363,-0.0153623256628618,0.00518127811066421,-0.0441755991466986,-0.0162995461178884,0.0018673111078937,-0.0193790862909911,0.000426304044831471,0.00507250481972032,0.0110801079613992,0.0240395058725978,-0.000229050507081156
0.0957138462997053,-0.0167883211784475,0.00636850151730103,0.00331735111404488,-0.00122747471227319,0.0166048175009497,-0.0172119793767245,-0.0198481709146436,-0.00861692231629192,0.00796241832377837,0.00269120376738948,0.00870009593957963,0.110798709952268,0.0434324889021035,0.0866691685108301,0.0164328682993719,-0.0790153016451615,0.0372280384716518,-0.0702046746569107,0.0222086181134932,-0.0608691646785003,0.0646441003335715,-0.00319452691698021,-0.0400759582332983,0.00332976999657166,-0.0209689969729903,0.00328876168375276,0.0193691279380034,0.0225501993643055,0.041452875832689,-0.00647866583178726,-0.00332175540296477,0.00646302918528901,0.0480458990808427,0.0207098683738509,0.0147359709549448,-0.0495179908042998,0.000212316692774649,-0.0500857462244543,0.00727245779921787,-0.00131006621748193,0.0265463702279503,-0.0179481349847487,0.00430303430597692,0.024800445097734,-0.0292202505014325,0.0079505316058964,-0.0422733284940314,-0.0176744960755398,0.010883267871894,-0.0343534822643545,0.0422318544569023,0.0103101371232622,0.0226454342947066,-0.00836814633205666,0.0077783119853604,0.00960612806107639,0.0188411192878059,0.00666039605259888,0.00462490768325697,-0.0137988485226862,0.00032769759255507,-0.0174299748066186,0.00141871521736417
0.00332235712409872,0.101118463604033,0.00669577960536922,0.0011743755833176,-0.000985957892705532,0.0154656171033031,-0.00477837481432028,-0.00281061955057065,0.00583669945031669,0.00987794573342748,-0.00274532054495444,0.0115912621155928,-0.00125215534989144,0.835506674698449,0.0471194143206834,0.0288775677167576,0.113572808685281,0.074836546219846,0.00630306805255847,-0.0845199772589008,-0.0407257049187129,-0.0346776435632612,-0.0749134718476982,0.0153568915622855,-0.000229250859753962,-0.0208375825811979,0.00891591367760601,-0.041122601439668,-0.0541692714608977,0.0242529628232787,0.00243558392464462,0.0413159442346721,-0.0098860701092436,-0.0216723798783476,0.00438795135860879,0.00932405222517795,0.0286237155723506,0.0357519468507525,-0.0200767412732066,0.0320256044910558,0.0149437264526453,-0.00598399565378806,0.0159859233323631,-0.0327789390792028,-0.00217999295623407,0.0328077184399667,0.0378134515439447,-0.00796200124266443,-0.00663052839189088,-0.0294045923722355,-0.0287473406169003,-0.0176481263648315,0.0410874963014538,0.0277927961416619,0.0418435310885875,0.0180767370121363,0.00717076766858781,-0.016649367070238,-0.0213365425107763,0.00868282296390847,-0.00460926592612732,0.0319893694264178,-0.0010871622783971,-0.0110349446485176
-0.156624653789492,-0.0582677317283315,0.0123142299745549,-0.0161706269791341,-0.0101438273919903,-0.0128794941386327,-0.00135276296384827,-0.00972366392031073,0.00071491836919859,-0.00527399363473951,-0.0120683919872748,-0.0110782213360429,0.00105596389039374,0.00651369216657406,0.584717646587086,0.0308471447806142,-0.00703706809955564,-0.107500217828878,0.0309646213855194,0.028834957713935,0.0629869023223164,0.000892822258286145,0.0536863682076515,-0.0376253357981405,-0.0608864510024002,0.0163639424163037,-0.0545126888616813,-0.0429562570557254,0.0430620630138413,-0.0624196337207976,0.00146624463268977,-0.0333694185135673,0.0607654722132266,-0.0265617408594997,-0.0127889898484592,-0.059036781142839,0.0298695492474423,-0.0390311173747534,0.0460625209211,-0.000304040409097293,-0.0317908679680178,0.0308435808432834,0.0214523808681365,0.0290142996949271,-0.0428143377633594,0.0119905803324105,-0.031578247841188,0.0159586300791614,-0.020141962323825,0.00156268709243519,0.0460549202873375,0.0126249303840604,-0.0436965145893345,-0.017562739112151,-0.00690998450101306,-0.0107716580547019,0.0126815859257436,-0.0218342308553974,0.0154337486577727,-0.0278469733841377,0.00381975082192303,-0.0194936440506063,0.016140037606068,0.0152173592490796
0.113725418458969,-0.116284047732487,-0.000917787786010538,0.00794322321504784,-0.0185030647419402,-0.000513057376907731,0.00129999585002306,0.011675219489844,0.00093665691753135,-0.00554229037004631,-0.00105811849792437,-0.00120269061873362,-0.00758358056552112,0.00162232310986013,-0.0106412458551847,0.870318381313635,-0.0294329916422815,0.0049072560951352,0.025924910896573,0.0811724004172771,0.00404527519183832,-0.0426192997915907,0.0243044228058827,0.0274255026400683,0.0501073929912667,0.0677429772969123,0.00214014148326584,0.0645609562463155,0.0337064223664192,0.0180616227007389,0.0623863279971157,-0.0178708342107167,-0.0178653313795587,0.0266067086917343,-0.0351782300622623,0.0294487816170964,-0.044046143001516,-0.0222386413480353,-0.0229278246769087,-0.0322558441871751,-0.0427292264109591,-0.00618630248442816,-0.046863719441298,0.0114612610291009,0.0232837206088571,-0.0394416364188326,-0.0149163232255222,0.0146306846496069,0.0388655836747709,0.0152382780548344,-0.00704120765170483,-0.0152737209428865,-0.0114038260373364,-0.00988988387948912,-0.0333812311393964,-0.0127399995521349,-0.0140414747245561,0.0370893299778328,0.00692131914575891,0.00835999868678845,-0.0224581030144491,0.00832189262779162,0.00443213937549877,0.00694206037224492
-0.0334655665483622,0.156410164147741,-0.00971680895675692,-0.00269342456329272,0.0147360243261953,0.0025311556416333,0.00414184175461302,0.0126335684523787,-0.00100815954521379,0.0190966144468924,0.00635297091555135,0.0142219804575608,0.00843292822125423,0.0167217398369284,-0.0053247370087556,0.00313798735547073,0.00672437140699294,0.0368768612504958,-0.0347536537780617,-0.0820485520633118,0.0184831265823545,0.0487574492930146,-0.0651749399833963,-0.000904757988420125,-0.040084176642939,-0.0810415754276075,0.0338128763184335,-0.0586448161496918,-0.0443508917651114,0.00536923855633427,-0.0432858417605766,-0.000185126727105804,-0.023247512092816,-0.00545014730627314,0.0318596865411407,-0.00903126557413655,0.0174520241937551,0.0200017507424908,-0.00577282725402117,0.0379014068555696,0.0357912221264582,-0.00361826032721536,0.0676478891540174,-0.0260718734973966,-0.0211628126591143,0.0182668835656244,0.00407946039226153,-0.00851293219795322,-0.0299416798054853,-0.0302526436810797,-0.00799981388504227,0.022703209120558,0.0116905502680899,-0.000572135297071295,0.0532087854976782,-0.00758608875176631,-0.0133645230198062,-0.000607029537017094,-0.0222883780518292,-0.00670103692030802,0.0448037847634968,0.0220340468265529,0.0105899680333867,-0.0387135707449941
-0.0414185781664641,-0.0809966570301702,0.0284737796529363,-0.00461636935990428,-0.0183765942502744,0.00493041033689637,0.000962242125075941,0.00126205336187204,0.00115814727556003,-0.00511530639718335,-0.0113544061717918,0.00659731692458599,0.000116397061340846,-0.00151704181043264,-0.011774323843456,-0.000499789750012573,-0.00746591999000306,0.150925002783925,-0.0368701133458267,0.0202226509707566,-0.0724249471948623,0.0174682470117736,0.0188444599430199,-0.0783774027422059,-0.0317667485272354,0.0587232216243677,-0.070976091990827,-0.0109018029946199,0.00354624655934217,0.00694754590386294,-0.012182409189945,0.0263409325507975,0.0403366131189275,-0.0125100374423192,-0.0362155189888903,-0.039619213216667,0.00200824217105016,-0.0224788495181156,-0.00512209894264263,-0.00423232301806257,-0.0180338609804537,0.0470510072173857,0.00299436758888231,0.0121544926454028,-0.00116893511955836,0.00947223211446922,0.00581257208293897,-0.0234024912629557,0.00335747131915022,0.0108171979243824,-0.00861024735855241,-0.0191802137495554,0.0333683737188124,0.0116881655883925,-0.0111072732406971,0.0142534998969175,0.0498229362052107,0.00562422794091479,0.0186072821085314,-0.0153368298589854,-0.0146517483652361,-0.0272124522843198,-0.0291008578084894,-0.0014089584792576
-0.0195361532939775,-0.0209171785818692,-0.00652421661231211,0.0118842868461818,-0.00987986971282709,0.0016727405102288,0.0149840777420373,-0.00744788192351911,0.00512632703673664,-0.00175130103989942,0.0033218160169491,-0.0038743335222026,0.00194126622829912,-0.0150715343457467,0.01737897443184,-0.0100640427389302,0.0124664377096011,-0.00549796326589056,-0.941727715232194,-0.0078256955001401,0.0509517866370832,-0.0964380447573383,-0.0153786949593022,0.0688068883384458,0.0230208847528493,0.0413892530496613,0.0108627607246537,0.016708123279171,0.0030735106574824,-0.0298432437387222,0.0316688307949145,-0.00796206441631224,-0.0280376351497402,-0.0408533817561484,-0.0308359953184715,0.0119766244997428,0.00886815795347956,-0.010877432904478,0.0255403315520982,-0.00795041164776288,-0.0064243291001371,-0.0329816279230808,-0.0115000990581522,0.00653988215560315,-0.0237272195825508,0.0194899489186677,-0.00847241090473734,0.0403046508491626,0.0092013854710433,0.0170467035498919,-0.00661080177043586,-0.0325309117441403,-0.00107919589687568,-0.0311152381122391,0.00801226583518575,-0.037651064648293,-0.00887692737281495,-0.0163869871799752,0.0108574861298125,0.00484370203566996,-0.0156021981235197,0.00212769866188415,0.0382118562584978,0.00671952443180446
0.0029947570466774,-0.0218970909642456,-0.0213557420989414,0.00045361741794335,0.00869387232934302,-0.0035920062695665,0.00216984700943016,0.0104659505279691,-0.000452593448589243,-0.00951079509831981,-0.0202108443267341,0.00788336615866774,-0.00209259936901108,-0.0140314225727112,-0.0152123091336376,-0.00744419078131545,0.00991642410408975,-0.00422248908938995,0.00174753785064754,-0.471776027735795,0.0409930937243457,0.051033656554602,0.0460614932268822,0.0164159164250003,-0.00271234446218929,-0.0334680904066071,0.0133059634569178,-0.00113048570650165,0.0402512968755125,-0.00924264683333576,-0.0194812467148279,-0.0651990105564766,-0.010430562729634,0.0424694890801089,0.0515118699794995,-0.00452058859214652,-0.0439914158658655,-0.0202598841267915,0.00815694479849976,-0.00315567006533465,0.00726304486952443,-0.00746561278354262,0.00697287934441242,0.0137680386944374,0.00462336347496215,-0.0370634312265955,-0.0239868789813104,-0.00905061058700501,-0.00792984364725892,0.030829679086483,0.00667618410437766,0.033543149198013,-0.0291597554959908,0.0118521074057542,-0.033757335034197,-0.0301444082985676,-0.00879795178124976,0.0142850150356673,0.0161587722825515,-0.0116417821625564,0.011580314609825,0.00856608444823508,-0.0275650151931971,0.0279144234536163
0.134240724377886,0.0401134976776489,0.0104076635138488,-0.00572160592338749,0.0133731071458267,0.0185026665591195,0.0112586904341023,-0.00634163637438073,0.00232877069150403,-0.0104168680643003,0.00557696449004962,-0.00808461877615635,-0.00457028377117602,0.00459123396005903,0.0124851719155243,-0.00471649998384543,0.00591236802326496,-0.000760804058849721,0.00594151424489553,0.0047156986760854,0.80731484444616,-0.00315346257005292,-0.0399352901497535,-0.0145712223045405,0.0299467641764547,0.0108359107487578,0.00880045080809602,0.0314348062128652,-0.0385354736998798,0.0584969113241655,-0.00316099098816684,0.0451368990110652,-0.0177187868052495,0.0361473699529084,-0.0086338519278241,0.0241390088326296,0.0149046789803419,0.0191776901815531,-0.0480276460306504,-0.000806050255504604,0.0247134272324827,0.0111100824046655,-0.0137339740111833,-0.0352062210689895,0.0280309635409247,-0.0154881182240507,0.0430450930303415,-0.0112402224630487,0.0286379565469211,-0.0167041032401525,-0.0495721938993006,-0.0190309852871384,0.033375611619859,0.0135271729270993,-0.0068794560154498,0.0161094724996561,-0.0135901501069512,0.00969067074118446,-0.0121619489707313,0.0156712431408868,0.0052935938750615,0.00652838794792833,-0.0279124259611393,0.00439775997571695
-0.134355135001049,0.093392803732649,0.015284060034326,0.013440360268368,-0.00771267228032104,-0.0118729381825211,0.00325796591221276,0.00565909025198061,-0.00793886480902606,0.017099862859153,0.00543545721403388,0.00582083802888959,-0.00967720844957385,0.000114556725803311,-0.0154508556612189,-0.00329028627770891,0.000816976855926936,0.00273028858117342,-0.0107105260690768,0.00519910903106383,0.00825435389179068,0.093350614320632,-0.0363728473950756,-0.0140254510931576,-0.0610811189774219,-0.0301933240341598,-0.0180962274697898,-0.0651663716204827,-0.0261701868219294,-0.0304490816760569,-0.0316061014305056,0.0147272658122797,-0.00481209015183005,-0.0342753484303725,-0.00705941975512067,-0.0351641230590519,0.0358275122164931,0.0203391607249255,0.0400507258969598,0.0408557396214103,0.0266046381618345,0.00507051846387341,0.0499117546733402,-0.0226405821548835,-0.0304645794001232,0.0460399584850777,0.00155440193707821,0.0377157402692773,-0.0390396199713023,-0.0361812849376329,0.0342576422219926,-0.00602836947019335,0.0145349975479897,-0.00986914402726966,0.0520485504208196,0.0179462961844898,0.0106293103646131,-0.0334656272546344,0.0194089591143112,-0.0238491798372768,0.0287767763746361,-0.00143808373990351,0.0250021917605354,-0.021483296629114
-0.0375763461753809,-0.166119586614948,0.0225234754209,-0.00827788240956303,-0.00182815626320943,0.00641890182655567,-0.0117549365483644,0.0106557684211941,-0.00159188746676028,0.00440384514417177,0.0214802727516226,0.00806537977790964,0.0230630098320695,-0.00230057193558572,-0.0122140911274437,-0.0154397227811563,-0.000137990841934705,0.00825958027458875,0.020906206856369,-0.0092072268932587,0.00475272978583524,-0.00134779466942683,-0.8695539778784,-0.0347581703347621,-0.00472892440152218,0.0658946679528399,-0.0469504628617531,0.0331507265459464,0.0491153428286091,-0.0157840578577136,0.0337081952370406,-0.0223729491403343,0.0394258348636112,0.000530894094542966,-0.0345484779780039,-0.030185496337276,-0.017206605619484,-0.0583140773147255,0.000580448386146467,-0.0397133918020304,-0.0458320451272372,0.0143538811936714,-0.0203246918044049,0.0343283084386256,-0.0221983874233291,-0.00359874679146422,-0.0316262481907059,-0.0205787258144576,0.0140653596529941,0.0372269126560128,0.021105266313675,-0.000354189504486652,-0.0134571069093623,0.00179109802847369,-0.0331401618044953,-0.0133510959548137,0.015702028437152,0.023702094549804,0.032316514907372,-0.0284380959372737,-0.0256254231644601,-0.0217770864187297,0.0165024094410367,0.026073652917255
0.111276869847562,0.0315204326077147,-0.018402709354868,0.0228796683649775,0.00697128204389846,0.00118865892768133,-0.00151469814928585,0.00569059573215447,0.0138547803825407,1.83057459266812e-05,-0.000983311389499023,-0.00350092783084691,0.000189670438179617,0.017521178506764,0.00853814767953557,-0.00238602101841289,-0.00333851604526907,0.00345486921569709,-0.0146318113292106,-0.00330863948784504,-0.0098201876029676,0.00069068091256755,0.00525738361515713,-0.916038786968026,0.0716610016705503,-0.0195611986613099,0.0664563612756412,0.0397299246700909,-0.00796180065683127,-0.0113874293061721,0.0347711087234943,-0.0133936023140638,-0.0550411905737696,0.000431505410353424,-0.00286940176461171,0.0511190051228918,-0.0119430190402726,0.0328638623119486,-0.0105635187348066,-0.0180588215529391,0.0260531324243768,-0.0371649998103297,-0.019393611878429,-0.00122540160160924,0.0304831058390068,-0.000721866923500879,0.00654853974659448,0.0254737988578871,0.0257326941162733,-0.0281774439970585,-0.00534761807942816,-0.0137606039175537,-0.00188106386337215,-0.0180236503951027,-0.00868410564932037,-0.00872887812928981,-0.0616200360233391,-8.60477119027717e-06,-0.0147364534379138,0.0319723081932977,0.00506397432014721,0.0390263160139205,0.00338809585151668,0.00111811302299286
-0.0570510695016584,0.0432061595614681,0.00960745877453861,-0.0206247651646165,0.0129074137506817,0.0038637691147678,0.00415639870030797,-0.0115281679389018,-0.0020945519475525,0.0254588206925399,0.00638265709046642,0.000156711885386377,0.0106166862459638,-0.00702456108889658,0.00354581574078672,0.00903523795921726,0.000156106175254207,0.00746937846587911,0.00396755213679079,-0.00195711637479937,0.0059026170581246,-0.00650100224509604,0.00315858172661938,0.0089842159594809,0.742543037871852,-0.038351753703099,-0.0576180099420799,-0.0495134439600148,0.0068156009683142,-0.00334996680123807,-0.0573228364189683,-0.00189118131982182,0.0306455683442108,0.0173875741663331,0.00381182755430862,-0.0432802032601042,0.0100139927963021,0.00759375902791618,-0.00586104730996119,0.0238602173210093,0.00109879463807988,0.0329831439629144,0.0103466312780633,0.0046581514409455,-0.0182669021650352,-0.00213948341347264,0.00631569754199854,-0.0279700942384782,-0.040307291063038,0.0228269985956064,0.00751525284305029,0.0204660975206214,0.0165114566487683,0.0309050520823075,0.00313900577107655,0.00404172141426443,0.0287623559036401,0.0115652238423239,0.0114475016700583,-0.0161463956868708,0.00922936288915814,-0.0173485242560908,-0.000275779946635629,-0.00202581476645079
-0.000524581699854317,-0.0721070404374846,-0.0045364537780461,0.0137923683575123,-0.0155398152489499,0.0182458240159316,0.00233759496108577,-0.00108315766537017,-9.68274427989259e-06,0.0104433977006691,0.00219026896874499,-0.00320779097805792,0.0162760549840289,-0.00712041222976572,-0.0127665066953585,0.00948936040691257,-0.00276550450883323,-0.00886145281871785,-0.013441316767241,0.00868521886406695,0.00155824991833511,0.00142671577489306,0.00319306927559677,0.0096719697305562,-0.00263998132162858,-0.722092101521686,-0.0171889852055198,0.0357661494020942,-0.00456293260696083,0.00841913560491461,0.0445810892128319,0.0491130214185243,-0.00805366286237074,-0.0130111100512543,-0.0539997586056344,-0.00244355037317462,0.0212144206061245,-0.0178279127495306,-0.016310847169462,-0.0265108647616079,-0.0191190461170555,0.00773378254340551,-0.00148924873706759,0.0121606559395441,-0.00714607168880077,0.01084335906955,0.0207352046064663,-0.00607571630899934,0.0247194847267844,-0.00582236158675878,0.00233823963210781,-0.0530341892470981,0.0266480025308514,-0.00924499039486534,0.00339722805280859,0.0323079242698011,0.013545369669794,-0.00506768369980606,-0.00458120393237954,0.0123334015581948,-0.012977455043911,-0.0200142762375146,0.0167007587376192,-0.00641635806490598
-0.0714913035172968,-0.00056358505665063,0.00207786029939196,0.00425200974562086,0.00169251596715114,-0.00338127398461329,0.00521007779060889,0.00302320027218298,-0.00647893395224539,0.0101970423510182,0.0014438007097129,0.00397565689966465,-0.00908501615780628,-0.00643271304828218,0.00540019682041165,-0.00810426560527529,0.0116033629677809,0.0078829610374608,-0.00798460323818727,-0.00444556308079075,-0.00324573224130738,0.00617559006177327,0.000152689120527419,0.0137719029538727,0.00835309974811627,-0.00890506514126555,-0.277541245369259,-0.00504138431586408,0.0353919390077575,-0.0556537351120861,-0.00226959258647024,-0.0365864337522259,-0.0114207522187632,-0.0252007768026417,0.0355242578896801,0.0185694700925537,-0.00257453354179047,0.00202699184575451,0.0343615560731588,0.00201956505860788,0.00938708952131439,-0.0214746038484239,-0.00378068639589625,0.00577234785374433,-0.0218642161638346,0.0200439415679435,-0.0297390900228258,0.0242891546127826,0.00773640832013728,0.0103294582230629,0.0281680165479792,0.00150756588972245,-0.0213592984619378,-0.0246843052954247,-0.0130372088779874,-0.0420789490204326,-0.00735929465946918,0.00174938717733662,-0.00605158415368867,-0.00423265100315843,0.00170553860061732,0.00128088638265334,0.0262010682950732,0.000288588732520041
0.117186132338575,-0.0489185673070679,-0.00681722848248646,-0.00090931639225518,-0.00805101294570624,-0.00661415426717147,-0.0103516354946917,-0.0165686555611957,0.00165436137265327,0.00339598091745846,-0.0078942496211619,-0.00442886495134568,0.0154453504071672,-0.00164048913796192,-0.0186730454741183,-0.0100386784337518,0.00036506415508481,0.00275557176312454,0.00127103918723611,0.0164666015028309,0.0148152618326487,-0.00217857860288523,-0.011998799397986,0.000844939414760371,0.00481946642785525,-0.019524064755004,0.00155152241392451,-0.438980441161993,0.017529321236781,0.037096759350967,0.0212355735588022,0.00367457614517111,0.00494935835650867,0.0622208632919889,0.0207284488340802,0.00438579532461719,-0.0735613633675219,0.0103387748094549,-0.0362248383152775,-0.0243744866339581,0.00156927190986784,0.000999981028402153,-0.0119101380478231,0.0110836124409972,0.0333965112823431,-0.0287022156205528,-0.00555381962667534,-0.0205996743683555,-0.00585009588531358,0.00083974805323237,-0.0453357793039088,0.0157256100715198,0.00425012274615315,0.026227699600363,-0.0246184877058328,0.0104807749686596,0.00463037579307868,0.0357669568180399,0.0113428008095203,0.0299462472457919,-0.014426502721609,-0.00180160733236206,-0.0264191569542126,0.0147359614978453
0.0310387854285202,0.140579874470995,-0.010388487498086,0.00514476307687583,0.00544570245702893,-0.000335286240333878,0.00145293668539246,-0.00177759251811074,-0.0169067013102046,0.00430227330734706,0.0136105127877019,-0.00121891891083142,-0.0134038198057215,-0.0222320396334629,0.00120686118463164,-0.0069554783580201,0.00732151402921045,0.00131571323430927,0.00906959254973163,-0.0019175323288125,0.00317850816927298,-0.00971144200902372,-0.00805682560960302,0.00244549732256513,-0.00965215724906499,0.0127459140713484,0.000760892727391492,0.00332356249529276,0.960417785838894,0.03711965981816,-0.025122157440516,0.0527549214516216,-0.0274626992132937,-0.0250771680615877,-0.01243963067391,0.0162847106155493,0.0202022754166319,0.0347080085618788,-0.023710765425391,0.0293653916715541,0.0333045446208318,0.00860343131315846,0.010902398470522,-0.042566405842193,0.000626315549718929,0.0295706302755416,0.0525323420120342,0.00343590176053434,-0.0151118085679396,-0.0382238040394144,-0.0200549226245268,0.0067227639088666,0.010255986514075,-0.00167717552165626,0.0315175727014013,0.0128491172601186,-0.00877976242461019,-0.0145216507502671,-0.0222623474661581,-0.000381766443800675,0.0242275416741157,0.0195712887476284,-0.00501822234023448,-0.0323758550260207
-0.158558998915975,-0.0417521857207585,0.0137308827675213,0.00784516869806705,-0.00951934100705155,0.00453281490949671,0.00117013038237318,0.001983360571203,0.00987444476263677,0.00284885750615421,0.0155215680556921,-0.00238878909607041,-0.0186866815387376,-0.00716954738972913,-0.00893544503879582,0.00615116964650564,-0.000751224349088369,-0.00763749345612871,-0.0166063025137022,0.00365534518955273,-0.00474811212623034,0.00554268719482814,0.00279824919676867,-0.0141029058249175,0.00148722578105227,-0.00713778050316337,-0.00868963899397716,-0.00354647876956932,-0.0131960062263183,0.591233476389566,-0.0232778036578936,-0.0325864524810229,0.060239438102862,-0.0245749022541388,-0.0184141367241101,-0.0353250342882363,0.020214400372867,-0.0446283430902983,0.0219386381037107,0.00955001874973916,-0.0133436999015457,0.0394544648466225,0.0456434722308923,0.0272930339299593,-0.0484816211315288,0.011222431905715,-0.0213918130059104,-0.0196079162791704,-0.0241947248912328,0.0278754662560675,0.0357554103027947,0.0208147710145264,0.00417421747391965,8.291093869329e-05,0.0163989908087235,0.000141438131958858,0.0304621734174443,-0.0196783144560325,0.0107653024557879,-0.00877072221624755,0.0200159114997965,-0.0043511743499714,0.0115632360554941,-0.00289054128461029
0.0754578713322147,-0.124141004978568,0.0123094734285842,0.011359377783226,-0.000556630409091469,0.00516910901150145,0.000132634129766388,0.00626555358020389,0.00108784039606269,-0.00488175823339686,-0.00286991759982502,0.000818969315854741,-0.00256264534059246,0.00215327314470993,-0.00157010730184825,0.00594045925518451,0.00818469233237154,-0.00844128981918798,0.00611273639232182,0.00113274213413204,-0.0024187498780459,0.00338472768643656,-0.00522328597417308,-0.000937906652257528,0.00139258213772257,-0.00840845713635358,0.00535271618797483,-0.0137677742112214,-0.00546284587647442,-0.00802896582259223,-0.962125646892222,0.0131940193145612,-0.0076665226843744,-0.00206942261852678,-0.0375249511061803,0.0244514914832012,-0.0332209210088631,-0.0202536600385602,-0.00250312605345502,-0.0571126342450443,-0.0391614908218054,0.00197860237709733,-0.0246226109690005,0.0446078568333828,0.0299800037814266,-0.0103276738548864,-0.000890994023155098,0.0384888464144438,0.0473621142933836,0.0096889468777412,-0.00938174250485609,-0.0119159799970516,0.000909824487848965,-0.0113068802753433,-0.0235992934939698,-0.00713949584053916,-0.023634879238153,0.0101200820067449,-0.001303318742128,0.0138480795894636,-0.0228903319586074,-0.00533559467135918,0.00984492087162405,0.0195819717518028
0.0263407182089489,0.110806080115943,-0.0124166133771724,0.000134349461802616,0.0122534584653702,-0.00741177077115343,0.00133732136906046,0.00723083412700708,0.00706638371905863,0.0112413038023385,0.00449702562076136,-0.00282203138895298,-0.000894726094663619,0.000335352109125134,0.00659449792917906,0.00956005478910001,0.00348664490335703,-0.000374626485834719,0.00719889050810461,0.0139531761347442,-0.00898518522817429,-0.00262968331979158,0.000117877194911509,-0.0195600652867662,0.00329397445768255,0.00955803217653987,0.0110481595861317,0.00528702922993969,-0.00347093439005879,0.0155358851376988,0.00905012612568213,0.492930791181265,-0.0477259537653416,-0.0190333524343612,0.0647986675312227,0.0208795736122081,-0.00213354516344022,0.0243056676329556,-0.00554173878504515,0.0121518361960042,0.050098212446084,-0.0391506347443656,0.01786787330636,-0.0318405459343668,-0.00951817638491033,0.00077452240420865,0.00178572753819429,0.0203903540162041,-0.00126070178653885,-0.0131969223155074,-0.00693072348524402,0.0184051570519702,-0.0434127385147308,-0.0081857416403932,0.00265505284473237,-0.0119843088941465,0.000762896826054359,0.00477826639987146,-0.0178265719397488,0.00845112610374171,0.0132671815055863,0.0126892137010497,-0.000289983741491906,0.00461866472168824
0.00127596530979188,-0.0478681375777196,0.00600094507635985,-0.00622847732755306,0.00439855864218299,0.0179357242513783,0.00592444912178139,0.00565702131670979,-0.00502689726312464,-0.00536033052189391,-0.00992998957225209,-0.00016472763464451,0.00210594086315241,0.00499650258005262,0.011514763951174,-0.00729433643654249,-0.00249687128229026,0.0051796783612224,0.00177901664819023,0.00881241236799541,-0.00128338435626792,0.0139521560445724,-0.00693307824211688,0.00208496522868889,0.0137401175360089,0.0117466660167109,0.0105698286210802,-0.0125800565055398,-0.00145228193957563,-0.00305177509155031,-0.00175396038710565,-0.00811972839908121,-0.664193017684058,0.022786994266203,-0.0233433094231166,-0.024084508568487,-0.014885647568417,-0.0379257718341369,-0.0433997711491148,0.00315757767499577,-0.000554917471395263,0.0454506135509757,0.00121141583245157,-0.00398866085179195,0.0164731285415664,-0.00668170219731513,0.0147318856668267,-0.0126675313754926,-0.00233281725770853,-0.00345413383106132,-0.00688396270170282,0.00599520010003059,0.00901402238805268,0.0119105760471994,-0.0101415149164208,0.0223876897767179,0.0231729237275022,-0.00874082156304994,0.0148382180814123,-0.00823218341248427,-0.00196507508741643,-0.0268517607043203,-0.00311837305583959,0.00106061926674111
-0.0675804139362632,-0.000932481097864749,-0.00141391396734028,0.00119273804813391,0.005866927591859,-0.00883425007933284,0.00632006082149976,-0.00729464185574735,0.0129383151936635,-0.00209925342072533,-0.00809041229701336,-0.0140114360043389,0.00852883733604065,0.00121608455376105,0.00690160677155184,0.00134487414892508,-0.00784397904415204,0.0112116670512342,-0.000251895688077375,-0.00451053907184706,-0.0120294101876808,-0.00862036397561659,-0.00351165630396762,-0.00834701474022737,-0.00108582659039066,0.0159122046342807,-0.00509567626170554,0.00790678054636348,0.0121663662094202,0.00238815114495666,-0.00285032523459982,0.00927758701107893,0.00148331613201671,0.881439189761166,-0.0200747311507579,-0.0114155942763062,0.0172553496662737,0.0130874637418051,0.0388802641087811,-0.0048112938637132,-0.00960900857188782,-0.0078335280803293,0.000484822024491526,-0.00673017088472218,-0.00764971606897588,0.0240915296598626,-0.0177322070860231,0.0443131494092356,0.0267379490456626,-0.000651336797835546,0.0267731196437997,-0.0353146348185761,0.00936839697440377,-0.0283052989867166,0.00827300748754862,-0.0054315541597524,0.00595796978785114,-0.021774477871886,-0.000757721771115174,-0.0151633789302815,-0.00956960145410618,0.00413654790424043,0.0199799582580447,-0.0153630337690624
-0.01326232769176,-0.072043200936405,0.00766420794111543,0.00386232905039805,0.0176608891284672,-0.0147455006256202,0.00807446526110851,0.0252582994598562,-0.00175679567273838,0.00561354979567222,0.00565080210632713,0.0194157425743842,-0.00290345651051164,0.0106116862276307,-0.00875816199603269,0.00241507278328404,-0.00498205894734754,0.00394104497263236,0.0118302394872748,-0.00840414513417766,-0.00682299357519964,0.0169144417538472,0.00369961691501345,0.00638794457996747,0.0105152597446647,0.00268873584271978,0.0102143695943777,-0.00996563374029974,0.00122358511921532,-0.00528074204378323,0.00116108830983641,0.0113756273616453,0.00531395950926713,0.00555967919853353,-0.407435355397871,-0.0161926139245063,-0.0324031396357182,-0.0120333024633294,0.0138834855800483,-0.01221241566414,0.00549064909883172,-0.022048658691786,-0.0380791131675486,0.029477959458219,-0.000219110071129979,-0.0177233551612235,-0.0314876248480335,0.00713052331591015,0.00236380783993436,0.0408641770165263,0.0118646877584842,0.0227868628294568,-0.0408925327035288,-0.00988119195823152,-0.0587591987446903,-0.0307419500016237,0.00254913981157508,0.0158511460789402,-0.0023420853090567,-0.0125030558276389,-0.00648042503290134,-0.013920738614682,-0.0123638618798992,0.0184733373111847
0.159152906383501,0.0409934462164005,-0.031012570012294,0.0018778516722524,0.0100747995507323,0.00931382374415936,-0.00283798230330243,-0.00463468443535551,0.0122543603606667,-0.0144724269208043,-0.00223095040922433,-0.00344740491596865,0.0232585994529686,-0.00359029183069687,-0.0164098602108696,-0.0160795974346078,0.00170259483330287,-0.000497491917503571,-0.00180336851704945,0.0212480852500119,0.00499655250081264,-0.00956052942967492,0.0035897119658559,-0.00171224476249812,-0.00655692230827047,-0.00348335373448396,-0.0155460322215103,0.00258124897816263,0.00461482635768222,0.0149899362287319,-0.000361285109210605,-0.00457206586564371,-0.0045508229234037,-0.00458571278827951,0.0137173724248761,-0.647860435639413,-0.0313962559936842,0.0167085643701745,-0.0376394265615671,-0.0126370045024625,-0.00462764338346351,-0.0194626996973636,-0.0171601617749999,-0.0161982835059548,0.0453336436086292,-0.0094867838960723,0.0193344265175952,-0.0192909795879768,0.0082624186681569,-0.0281880427239015,-0.0269538619365338,0.0104691961429396,0.0234102863924046,0.00599433796853175,-0.00957915560994354,0.0351743699841237,0.000409449239545334,0.00749742059086136,-0.0149338806053225,0.0306384619487741,0.00540538415873294,0.0201403682488833,-0.0233953954745535,-0.0118383121155666
-0.113175564791098,0.123359564376192,0.0121003444850974,-0.00958445380183722,-0.0239141485765706,0.00146236129740755,0.00125909414985179,-0.00126082388170153,0.00503829384344427,0.00392665364891001,0.00133028812113024,0.00343378120112906,0.00517871710136537,-0.00258388547558381,-0.0056323727560954,0.000573278493736162,0.00217381723214183,-0.00732200279633196,0.00187656123509545,0.0215135510781406,0.0116128274129529,-0.00569002988679573,-0.00726805832978504,-0.00399807606784702,0.00464756379023669,0.00129055771669958,-0.0106947250140843,0.0066299478156546,-0.0153378718872363,-0.00628052579185577,0.00357610452195628,0.00111195688340596,-0.000965101923917334,-0.00783540625099235,-0.0154924058564513,0.0103210734018066,-0.903334913699502,0.0220881443915621,0.00924487377555352,0.0386595532713197,0.0248022663566961,0.0131130053861287,0.0397603747558635,-0.016300229204224,-0.00601851240468996,0.0371716031046875,0.0258180838990192,0.0064871210482325,-0.0339075557915126,0.00516318199894272,0.0196272248919838,0.0191418422650564,0.0166752750192395,0.00261733224251127,0.0291233949541174,-0.0162626577886437,0.0239123757502386,-0.0221478473135725,-0.0185498644527304,-0.0102534128187006,0.0431692959357824,-0.00022062412230499,0.00426459811273952,-0.0312341379557965
-0.0479723125631866,-0.153037603042718,0.0357286430296669,-0.000557732693537307,-0.0243817202694935,-0.00632926978718867,-0.0119764543617278,-0.00229098354328666,-0.00356028314554024,-0.00775706319211492,-0.00527579906649978,-0.0102513677655736,0.00267448164529934,-0.0116736420771042,0.000913037975267107,0.00643907416167461,0.0154988909004462,0.00483905525691113,-0.00622123932550929,-0.00394023531543388,-0.00550898314528457,0.00914953778065374,-0.00985084725929832,0.0112746366249653,-0.0136215040857887,-0.0037198619612658,0.00279714256765587,-0.00688938301270939,0.00708509091211695,0.0137650112803004,0.00525180710649519,0.000200491696014387,-0.0209963214797334,-0.0211085767978627,0.00954867397953651,-0.011897296363511,0.00362951931969044,0.950752455094743,0.0142509929911173,-0.0331201834345657,-0.0200178434669431,0.0230068867489559,-0.0233889606099591,0.0294585899204257,-0.0139101822969045,-0.026774480039407,-0.0134861716285776,-0.00427778349774061,0.0234776592977433,0.0151347800145566,0.0205719642699018,-0.0113484992087104,-0.0112005642364926,0.014790727074104,-0.0251085554123925,0.00160916428196081,0.0267571753210847,-0.00178462666857832,0.0269917283173817,-0.00558196656965415,-0.0198064343078679,-0.0158869792000217,0.0107882535567155,-0.00262010990280999
0.0656524403903519,0.00935064347912582,-0.0215314071921082,0.0160072100143609,-0.00368012067850509,-0.0037409434817576,-0.0044251445071493,-0.00492857240459556,-0.00406871928067492,-0.0127417039338754,0.0125109568161448,0.00186993092592758,-0.00591128478060964,0.00464682362615969,0.00739395640678351,-0.0129155853503766,0.0114431092584175,0.00668599170753129,-0.0028638196022946,0.00464573545583158,-1.18666876075674e-05,0.00469122802979225,-0.0137185366904905,-0.00255464089904927,-0.00224743597880066,0.0235405721019119,0.00193972427037673,-0.000750468561774534,-0.00190864948373849,-0.0068912764562425,0.0154549742016666,0.0138396435834256,0.0094929238869824,-0.0048260105455898,-0.00828325889191443,-0.00229151300570313,0.00212596741699863,-0.0014955712577454,-0.155268401637791,-0.0281912788948503,0.0104507839284456,-0.0468081136897271,-0.0412395083495238,-0.0173549576081224,0.0109217855292281,-0.019991106014183,0.00104145464737707,0.0184980636303985,0.0217270870080535,-0.00425155963317707,-0.00467296372267373,-0.0264907968053068,-0.00237960732735441,-0.0156996093829043,0.00898174060349653,-0.00250605403002444,-0.0385699622129497,-0.00294241129168332,-0.00573602669161173,0.0257626735455302,-0.00371679557597813,0.0362144879016757,0.0295464408612261,-0.00669681173896471
0.00560808212809603,0.056901701083917,-0.0104181747848429,-0.0179584655726655,0.00117113527904765,-0.0017267232207106,0.0104362548227941,0.00245271953899016,-0.0146936120387889,0.00918524587824367,-0.00278096077840132,0.00758876239860122,0.00412800994499786,0.00996963222604209,-0.00344041482742935,0.00859146505813353,-0.00368120626792884,0.00134428291830741,0.0061866989337256,0.00388309896944765,0.0011180328948643,-0.0018463987807391,-0.0280950668505318,0.0113649924609388,-0.0057789728364677,0.00201427712993856,-0.00787085510258916,0.0108541670302528,0.00110963825437923,0.00242719466871148,0.0161568391158582,-0.0107281521491499,0.00852011108728402,0.00377340525182011,-0.000880062336880308,0.00543441912414503,0.00983731159135724,-0.00817952672324871,0.00447141314774944,-0.520075366564386,0.0255443869429084,0.0160953066392252,0.0261217867418085,0.0047812390458877,-0.0169661405654335,-0.0163673419528692,0.000557063002675922,-0.0315239579231434,-0.0258579814956973,0.00189104507124494,0.0125808196356967,0.0412297848072195,-0.0221906699405382,0.0122691291902517,-0.00210188488628895,-0.00583925890529054,0.00614542415432885,0.0169602594533086,0.00920355159988932,0.00974475638423995,0.0250514478780134,0.00893797723550771,-0.0150919459926955,0.000301110872986647
-0.00101123479272116,-0.0154305349577009,0.00030346048667918,0.0100329980094274,-0.00583394142075673,0.00923661867621689,0.00307209079786992,-0.0158573270297615,0.0218675480254621,-0.0191096551414453,0.0209761524045837,-0.0030337702720447,-0.00223749101762514,0.0103319369377716,-0.0118396929348648,0.0004194936543664,0.0128433911926402,0.00701770800716389,0.00663343843222697,0.00866084988118285,0.0140263344045502,-0.000727130965782995,-0.00724590244388618,0.0182808015604453,-0.00185628260299732,-0.0107196638788736,-0.0101330199509562,0.0121202937052041,0.0151490475214965,-0.018800202923536,-0.0058148164572754,-0.0109389229090604,0.00650082769133074,0.00150941854388135,-0.0143292446068086,-0.011724627083192,0.00569800889071739,1.12762754667095e-06,0.00412118223884851,-0.00056354691341411,0.23089434659227,0.0159812667928158,0.0110648990304583,-0.00264614740803699,0.00932615000180342,0.0189213071846483,0.0319034756209644,0.0136675282909699,0.00732326318318177,-0.0190779328607193,0.00811667161572393,-0.0291347176328254,0.0399354045889224,-0.00293499977738255,0.0105962422816406,0.0374773315230761,0.00965518482961808,-0.0344513680490236,-0.0117716065754758,0.000991569334682051,-0.0109166535413933,-0.0149441324211429,0.00971279992783108,-0.0202403702425828
-0.119539367593439,-0.0243509784638558,0.0035093101604125,0.00350291576094905,0.0113439228073048,-0.00131864813770489,0.00874340061743013,0.00161259970257841,0.000117880358269798,0.0153699050655622,0.0106984967948855,0.010255871338137,0.00142800588857743,0.00111937871105021,0.00157214855910464,0.00396648086021205,-0.00440048513657903,0.00578499996939761,-0.00489261996382856,-0.00626171155969612,-0.00295010240886218,0.004013939306827,3.40697417279285e-05,-0.0122303045877703,0.00997584892326284,0.0103630389273124,-0.00607497536278421,-0.00926649592074734,-0.0105502796562021,-0.000287172722666304,-0.00402021617478879,0.00519744279043032,-0.00594725204505836,0.00394941687376431,0.011583640226192,-0.00444289701496313,0.00977238922117149,0.00938268832512584,-0.00118158565870873,-0.00437982100755162,0.0116405677602232,0.230435507685755,-0.0131767520685868,0.000332642076889296,-0.0305049084267778,0.0222466594900118,-0.0371341374080004,0.0154231563959542,-0.00117584623311209,0.0235627579462114,0.0329725360838821,-0.0261852258353018,-0.0456661620405926,-0.0323167095159317,-0.00228601313971022,-0.0318516570803285,0.000196355339169324,-0.0109473661408212,0.0127981337777234,-0.020462897392327,-0.00615722132469607,0.00149986357043432,0.0113715491710808,0.000401004449076463
0.122825336716393,-0.0868351373128881,-0.00186997779112306,0.00193933693863264,0.0177047652715121,-0.00255258460350437,-0.0126931698876732,0.0109355054971932,-0.0106198311833514,-0.0119553955211186,0.00887224118976896,-0.00204936834410109,0.00600621866921531,-0.00444573341155978,-0.00601135544337313,0.00624399568234087,0.0392323974531469,-0.00047612742859298,0.00801977152876458,0.00655356944824058,-0.00259475654501872,-0.00976338784480446,0.00196556494201753,0.00634101982860456,0.0157046602482435,0.013753409312876,-0.00807381631002395,0.00800721263233933,0.00683740358780741,-0.0198919867220533,0.0175994295019053,0.00149643528300643,0.00227210733348713,-0.00272349751505572,-0.0158695034436106,-0.0081178276056614,-0.00338082846791348,0.000403048466833662,0.0172589252407137,0.00804218998369399,-0.00824016419056372,0.0233341834348473,0.737549482668707,0.0210045569056359,0.0299639216351298,-0.0595703909124692,-0.019959171349596,-0.00832098590186301,0.0112108601000602,0.0186877564112537,-0.0169057366783047,0.0121337066004681,-0.00871724825349469,0.0120008605619324,-0.0211968546105869,-0.00295259230622178,0.0152054227262292,0.0327899730039398,0.0214810122625168,0.0274189493804979,-0.0154690972891697,0.00158325638080157,-0.0120991762974771,0.0262287319789902
0.052801646484054,0.156746497189484,-0.0139246467975784,-0.00196831226016522,-0.0109498154098712,-0.00587229503223395,-0.000607785518346712,0.00177520804332082,0.00435142449871754,0.0181908857042352,0.0174578441095534,0.00828198325120439,-0.00566137782920858,0.00113874206836164,-0.00663480367072383,0.00357095910009109,-0.000472380426244427,0.0129998458225597,0.00875799216942577,0.00975665664738236,0.0114269096679391,-0.00609382323895089,-0.000568131327354789,0.0124176542591508,-0.00218644278174864,0.00664085433424114,-0.0186135618324239,0.00771140108425661,0.00203508651789563,0.00572158007860879,0.0245282041855219,-0.00191364984558712,-0.00238033971110787,0.000822259919527762,-0.00490055048508315,0.00898342208778629,0.00582628637907695,0.0109030111330004,0.00226342409577207,0.00516320277770389,0.00951489352461157,0.0121035838116453,-0.0051430331135686,0.9695662995826,0.0252417258821864,0.0375117906450683,0.0377571624178754,-0.000511032954827642,-0.00631571443454694,-0.0434611918703808,-0.00744725706152202,-0.00728367083678787,0.00356210750314623,0.002689678188671,0.0383755202838932,0.0082966205898872,-0.0132840242204104,-0.0182428520006223,-0.0200173767126777,0.00782058770392227,0.0308809488273303,0.0411846144880538,-0.00106445048004005,-0.0251920426846317
-0.13364730395839,-0.0231430889495533,0.0202485962334846,0.00836427585986495,0.00321725719184872,-0.000633739904035493,0.0136438794558523,0.00278426908009448,-0.00713721950105081,0.0192102405554235,0.0132768180713128,-0.0107371713728491,0.0132221987316883,0.0126366946566893,-0.00045704269933815,0.000501870648391467,0.010093279470502,0.00223019342957921,-0.0160693439141128,0.0023791172480912,0.0189069761013865,-0.0036214516408937,-0.00993604491456306,0.00149631406197157,0.0273248570467683,-0.0181305598088017,-0.0120084006463621,-0.000794540388286365,0.0259633124301244,-0.00455047973962265,0.00902744192094908,0.0171574107457988,-0.00847205636213991,-0.00969559956299393,0.000413952264506194,0.00258730608380658,0.0122439737864108,-0.00790040272387199,4.949637812127e-05,0.00953872927130153,0.00238927462382455,0.0146110896796296,-0.00495278086364805,-0.000653203872685887,0.771958391988857,0.00976429453314528,-0.0145415786591421,-0.00893065458700554,-0.0232844106370497,0.0128603275563827,0.0313937304670961,-0.00298850029490376,-0.00245872131210878,0.0383853695357625,0.00668408987834353,0.00142832176267403,0.0465577025004678,0.000330401024293566,0.0203147027380517,-0.0271926137947888,0.0128253062824703,-0.0215825340948356,-0.0118319538327028,0.0110278032477695
0.0392173909592774,-0.114346568943605,-0.00136054486699861,0.00433796447426101,-0.033542167037271,0.00450164736972016,0.00687635081224513,0.00940042854559371,0.00347403840986115,0.00461153817563117,0.00443501675496914,0.010044009427259,-0.00662407118258441,0.000177851152440179,0.0029472013651183,0.00360234427037106,0.0076347170766253,0.0117262557309338,-0.00308649352483218,-0.0163050787283216,-0.022944632025757,0.0108493050679872,-0.0139833179865399,0.0121872061234529,0.000816533882351138,-0.0212942189571311,-0.0160718837233305,0.00742955875032646,-0.00290268870752372,0.012922398580408,0.00678741326238398,-0.00140764232850032,-0.00690815788267128,-0.0114782226105469,-0.0102032168427169,-0.00385797002561637,-0.0110534567089932,0.0182816049983582,-0.0173774385186518,0.0112368769384558,0.00256509187679612,0.00815838326213248,0.0238009850743664,-0.0140772761613612,-0.00907443184502153,0.233144312686769,-0.003076401897032,-0.000363866284471428,0.0339056427103114,-0.00789301879661964,-0.00417169003700369,-0.0511174633407111,0.00618927818693511,-0.00830655597605858,0.00732451326438743,0.00614524143167433,-0.00189997713479587,-0.00566827049962638,0.0165754743318795,0.0143590554748206,-0.0445616416014495,-0.00607713532111485,-0.00353459392851189,0.0122812397791044
0.00445522075466762,0.0686450888368951,-0.0213012524033891,0.00202524572191068,0.000317940042288719,-0.0129834679125864,-0.013451647755158,0.000735191029603297,0.005463324869055,0.00363993697356539,-0.0148375541806003,-0.0010444656518347,-0.00263742196091988,-0.00766285842327208,0.00327231694576811,-0.0210475366826735,-0.00700593283698813,0.000748321683296596,-0.0125475099817787,-0.00031958791924164,-0.0119685870821021,0.00389043399363266,-0.010591564134749,-0.00894961252948002,0.00455484347760847,-0.00163915056068402,-0.00150654427943846,0.00631862856824001,-0.00647506754011605,0.000153253740347337,-0.00740946328360414,0.00452951956156673,0.0024175201637671,0.0159622326969847,0.00433155336971186,0.0175133601912588,0.0132158924536276,0.0169301094361727,-0.00847932751037618,0.0109808857873598,-0.00282010715814356,0.00870102513918764,0.00302938928699167,-0.0110437988472176,0.0112298167555329,0.00179246129327319,0.393193729493099,0.0139958148530026,0.00104668724480352,0.0194605213997161,-0.016751983820536,0.0143387673464207,-0.0256911309652179,-0.0251953216380265,-0.00993270846133033,-0.0194525494572412,-0.015958967228294,0.0131106139723115,-0.0300632826627893,-0.000573355686959686,0.00406345139168471,0.0121528208710447,0.0077792973753995,0.00069308003586833
0.0763012970026532,-0.00270535005261177,0.00538896626260471,-0.0016122322847259,-0.0012760196965676,0.0072708582144313,-0.00199324207348004,0.0124829455922391,-0.000293705349132517,0.0130615234747059,-0.0149474216207717,-0.013279145105355,-0.00542757585207537,0.0085423433803645,-0.0147989018538888,-0.00662344519556828,0.0057593217717176,0.00245924940176102,-0.000224556672586234,0.00621155919925028,-0.021394885465987,0.00204869542014005,-0.0132285455154423,0.00433947396588901,0.00284812428415145,-0.00031890039894996,-0.0123608845932199,0.00895955750010543,-0.00673727657212992,-0.0038438136250106,0.0208935827384674,-0.00151742495500821,0.0159293244143921,-0.00786157405593662,0.0137734397257604,-0.00718137426347326,0.0144460629625486,0.000849353213606529,-0.00128566409440118,-0.0105287329391536,-0.00725877752527252,-0.0155222181117637,-0.00355254636872775,0.002084788128736,-0.0128238711692281,-0.00642978267370053,-0.0105293588040015,0.944715046289415,-0.00181440181685829,0.00200576586796934,-0.0320424857930986,0.0256982186126494,0.00959442926175226,0.0187783527381828,-0.00232151177305695,0.0298541663409507,0.0127730942930285,0.0205012507475691,-0.0121533954473534,0.0179835465496503,0.0222169044536318,-0.00332322781342176,-0.0256339807974936,0.00353369127481421
-0.095147622220077,0.0359341440839259,0.00861206711607912,0.00895016007881033,0.000946238078251322,0.0110243043806896,0.00409077058929542,-0.00354372565559277,-0.0229267997503883,-0.0122569790166462,-0.00925305664875421,-0.00563684412816183,0.0190005437442378,4.61240172783542e-05,0.000675814227349511,-0.010758072958017,-0.000577715539837319,-0.0108561502660597,-0.00505497198154716,0.00768300513503179,-0.00982600005830315,0.00737149197678716,-0.0111757030250253,0.0158242561976496,0.0183932262731882,-0.00798726784187252,0.00127631912561648,0.0201261345587681,0.000712520320649546,-0.00532618344218636,0.00523437089468377,0.0066738838205335,-0.00037285151142092,-0.00105539307469676,0.00404408323032834,0.00461494336616094,-0.00154838350849845,-0.0025615752793291,0.00862061538980537,-0.00385519203359686,-0.00206564476239207,-0.00208105265642391,-0.0149675191430164,0.00712100846017468,0.00654958226272303,-0.000296032335702558,0.00798548684294097,-0.00787604736601022,-0.015182600205863,-0.0188210800782894,0.0228850324763035,-0.0270449568143761,0.00590531704001111,-0.0225138034187738,0.0158726924640681,-0.0109644570956035,0.00379618122586866,-0.0619073228459348,-0.00331917510265832,-0.0186865920553397,0.00653552760416439,-0.014236086019478,0.0568477546918025,-0.0221070639019851
-0.0375929012522952,-0.116412348212221,0.00198159970006059,-0.00261750057363246,-0.00768472076103972,-0.0149259920682997,0.0207106757451745,-0.000566655482758615,0.0143784314664809,0.0117385980238702,-0.0113840124087747,0.00409422404593392,-0.00121745659400309,0.00488371286038258,-0.0105862411108942,-0.000611971392906605,-0.00421871060866757,0.00126743810634962,-0.0191023382159841,0.00287832151729935,-0.00365620414565474,-0.0129058976601699,-0.00619056603798477,0.0163380928810648,0.0169147317034821,-0.00691405839001961,-0.00313570807770687,-0.00427382956420588,-0.000861757759696326,0.0144303981762983,0.00389627075269885,0.00795726372930222,-0.00162091668603783,0.00732593728827708,-0.00257455940976122,-0.00121834425489318,-0.0200861396008492,-0.00928601608844075,-0.0019067832690446,0.0155608843806274,-0.00863756876552169,-0.00610547990564404,0.00557860959759902,-0.01198047891849,0.00498893230810785,-0.00948515338621449,-0.00921663973981987,0.00373720037343606,0.0103771079119816,-0.955428094467369,0.0147533588896568,0.0138857321048728,-0.043408366727907,-0.000377501189433167,-0.0120408953458378,-0.0183666312778053,0.00791387570920063,0.00984497238073133,0.0304590961435903,-0.00997978486991658,-0.000756069099452228,-0.0197208674729653,-0.000583388828519736,0.0258424701037484
0.168585845443676,0.0295858025034155,-0.00203476948774474,-0.0172548827073418,0.00399064137008673,0.0025415132883778,0.00580453960529018,-0.00195077825413921,-0.00834247718530746,-0.00643712080613594,0.00455983988976615,-0.00275667863925521,0.0151848608919364,0.0173259532119067,0.00163608449095905,-0.00590338901219312,-0.000779747365760898,0.0010923049611682,-0.0249737024697041,-0.00553598086889426,0.0173068798854423,0.00529187141415029,0.00603098533910795,0.00555768030652068,-0.00203855639102617,-0.00135039905084242,-0.00664722803095493,-0.019783949349861,0.00535598658478359,-0.00351888593054628,-0.00818744393867917,0.0116008331825704,0.0098142488173482,-0.00573454123418779,-0.0105647989033627,0.0129228946014356,-0.00513624896114388,-0.000261692007424433,-0.00561421052222873,0.0153275391481846,0.0116278048478035,-0.00351108289577434,-0.00893225024666495,-0.0114082364578916,0.00936969472464107,-0.0128141697744621,0.0272523758573129,0.00999186521320339,-0.0144693686911268,-0.00156047304378236,0.866898116271292,-0.0159799802814032,0.0155515264907899,-0.00818486845590054,-0.0020192957207611,0.0221176423362581,-0.0242579381316603,0.00844273195189955,-0.00109017921894675,0.0364471505818323,-0.0121734287332618,0.00809236563153452,-0.0163778649409179,0.0152627399984018
-0.0856429682539994,0.136568646497321,-0.00993004322232549,-0.0117105588396205,-0.00331526377961318,-0.00368881375269517,-0.00951604676409629,0.00707739385056109,0.0112692753645858,0.00137493100862596,-0.00162728581939739,0.00387029002834134,0.0161928517085745,0.00824417863038263,0.0117472204170042,-0.0183056498657768,-0.00247463462521795,-0.024129476319168,-0.00114634693972265,0.0035511878750767,-0.0181948414720639,-0.000149975089255143,-0.00305722445930108,-0.00351958896863798,-0.00389094025499638,0.0259981803669362,-0.00368428311103119,-0.00146763795589881,0.00509068962471182,0.0120511557457047,-0.00122386652356732,-0.0161468116220674,-0.000744742489322714,-0.0237748724188389,-0.00561657481809884,0.00366196320906069,-0.0157241885298258,-0.00648062524526879,-0.00332692368461041,-0.00769573325194421,-0.0040067532129134,-0.0199630308479787,0.00851556347215057,0.00202008503745203,-0.0120740828969583,-0.0164909421171855,-0.00738303438219234,0.00105584362585842,-0.00521162299207894,-0.0163387426848493,-0.00831667324712718,-0.426019436490518,0.00776909309413584,-0.00295233731183457,0.0192208705423863,-0.00116547756712791,0.00617583026830904,-0.0105557303376312,-0.0143203828950648,-0.00261691478601076,0.0365566608602873,0.00115835866948337,-0.0038712022997822,-0.0224406537663855
-0.0404807423735693,-0.128108062324662,0.00584531118089405,-0.00953792034111007,-0.00438759129240941,-0.00648313046814615,-0.0139970351243577,0.0177056091037635,0.00722372705994079,-0.00872154838769648,-0.0241159548325079,0.0110507670676844,0.00597777025039463,-0.00776971404845048,-0.0181185780281456,0.0175565800684996,-0.013580806431188,0.0119977397448109,-0.00315958175123971,0.00181513219050631,0.0157679326537147,0.0150452233013656,0.00495761079063913,-0.00440936604699389,0.0123023507198423,-0.00550049344532558,-0.0129928371921009,-0.00473642460691214,0.00744076845444931,0.00640412819797372,-0.0185136168536978,0.0208633542998908,0.0151768128131076,0.000744915930383266,0.00612320953257561,-0.00122165890990931,-0.00246751713204286,-0.00407393780220324,0.00863002387999479,0.00668208086911937,0.00593632192230909,-0.0137142691770644,0.00822890306550203,-0.00740784163556818,0.0111934816517033,-0.00357408067986822,0.00514391801939419,-0.00294775165086551,0.00238054141713603,0.00544386989033288,0.00311026889901822,0.0137853026267394,-0.313282296248058,0.0196839558369168,-0.00940326063815318,0.027128320415155,0.0429955849617045,0.000257784989527764,0.0377089847860395,-0.00891508066112776,-0.0286338938296991,-0.0329285146592472,-0.00306290924193669,0.0106046437879081
0.0119853986296454,-0.00428501349085205,-0.00913180357688284,0.0178681272584916,0.0198521103863756,0.0061918561676649,-0.00473413461948276,0.00366497485238256,-0.00536614514090531,0.0132032097889835,-0.00984513475386085,-0.00376420473556686,-0.0118107091062155,-0.00741579899796944,0.0195875521907503,-0.00618561918103046,-0.0064471821652764,0.0173055042627465,-0.00419423189932429,0.0233388282060807,-0.00283474495185744,0.00989908704602111,0.00441032765239776,-0.00174808213202103,-0.00405934890403288,-0.0048625655695842,0.0100148542669611,0.00457206267788501,0.00225695471040487,0.00370119939270816,0.00401791716311297,-0.00134021343811216,-0.00644213420919449,0.00745444876915075,0.00375277956825714,0.00469152800728102,-0.00522689832896801,-0.0137076980432688,-0.00907798651220551,-0.00223256450662639,-0.00879475853251417,0.0146848446561708,0.00309334550430516,-0.00423112244443363,-0.0165010149675522,-0.0187467561067454,0.00259869461826543,0.012851488879253,-2.71335818218671e-05,0.002415977043685,0.0104753810232209,0.00218449068541451,-0.00699001714506666,0.956819628084156,-0.0125971088230912,-0.0144248224698784,-0.0190469269654197,0.00142968197081204,0.0262942081439382,0.006644875269865,-0.00542910066539467,0.0172493371021924,0.0126577948401275,0.0249274464284367
0.0224069750119483,0.0118046440334845,-0.0193549456450924,-0.0132133599696521,0.00458494807713882,0.00409545111950474,-0.00868822019781712,-0.00512136255769138,0.00863972819019409,-0.018326205054093,0.00328907973515808,-0.00322725874801953,-0.00142665436184151,0.00564442980036087,-0.00170614803805337,-0.0139340082178855,0.0210176326948843,0.00490052857341579,0.00677292402966309,0.00756768138437724,0.00704025755604467,-0.0213178134560553,0.000488862231184499,7.11415154830176e-05,-0.00236334476923396,0.00662030429736592,-0.00873439216652915,0.0173506564051257,0.00389623449758991,-0.0154983740080298,-0.00210345099321418,-0.0107673680522553,-0.0162443440246398,0.00146715569982858,-0.0312568532366625,0.000241574773214979,0.00444084394352275,0.000409687749126491,-0.017381074701842,0.00286308460216595,0.0034703431951344,-0.0020645647539889,-0.000548834912976283,-0.0363689505360708,-0.00582185302358858,-0.0220245851415487,-0.0101802991082429,-0.00451096246348853,-0.0038579506407358,0.000437047318257083,-0.0044587878901302,-0.00172600757687887,-0.00633571820939811,0.00218256312167665,0.335787082821794,0.00445229350990901,0.00758937383563305,0.00228510386329641,0.0080120443879438,0.00659285347487132,0.0340013646867525,0.00935742851941199,-0.0201588747216478,0.0204817494873308
0.0912228034010468,0.0467471757179207,0.000733011213377683,0.0129794283267105,-0.00859848497061244,0.0102425595257629,0.00682116208259746,-0.010699743727986,0.00916142305280589,0.000665974113575456,-0.000669867628544566,-0.01904272882547,-0.00606847229242575,-0.00356870495162807,-0.010063216083611,-0.010736639528428,-0.00371637105383307,-0.0010725155490845,0.0222015812911972,0.00344345107498837,-0.00726349408122837,-0.001709087005323,0.0123097107684503,0.00106274974458856,-0.00195584656549607,-0.0159573705789534,-0.00196567799605515,-0.00218991207072581,-0.00960608253862776,0.000117807828503638,0.00780786401183139,0.00572004824749398,0.0140458944199995,0.00246471672842713,0.00249175826620808,-0.0138843694381732,0.0149508125121479,0.00718270292604791,-0.00654212190183161,0.000851836522564918,0.0035422429473491,-0.011910404226987,-0.00223918354550164,-0.00704743107441445,0.0115710281558377,0.0053896035536623,0.00710756122251937,0.00329291843010943,0.00730141685249807,-0.00804215874925868,0.0129921331391402,-0.00632978218386103,-0.0148124982475069,0.00155835278249822,-0.00141013683809128,-0.950633896082795,-0.00266429696623155,-0.0192311947626042,-0.0223028891137582,0.00587597459844723,0.00539811386466239,0.0142998610328724,-0.0231151480059143,0.000787111208172056
-0.155831426418879,-0.0270358891963601,-0.00179989325428608,0.00351445440894731,-0.00132450573819682,0.00524306433838768,-0.0108086531406371,-0.00577164997316529,-0.00116600807139021,-0.00542947984060737,-0.0147278087017743,-0.00175297150943262,-0.000884572260057486,0.00156849331667198,-0.00551039565663387,0.00358389683264383,0.013154746582564,0.0206177040632231,-0.00116523922568052,-0.00639093394538068,-0.019435236552963,-1.33979584061791e-05,0.00822660904623305,-0.0214376587865366,-0.000708080140893914,-0.00902925258042675,-0.00562317338025077,0.00328357974527124,0.00221363062712155,-0.00167485228020212,-0.00926773978216711,-0.0210162379708645,0.0055365789613627,-0.00461023969146793,-0.00536595484500571,0.0205113377214625,-0.00835474674085685,0.00960519692433788,-0.000326841100492227,0.00508778258177274,-7.20333281831638e-05,0.00247913892742561,-0.0290509377698559,-0.00270706841166987,0.00785947410943412,0.00680742799887911,-0.0056755410667365,0.0094843929978777,-0.00513120783424538,0.00704473942568555,-0.0107331301338565,-0.00690996883282331,0.0178230913801627,-0.00913025544931971,-0.000630797135594621,-0.00522394101900775,-0.211196610549884,-0.00222174225135047,0.0432159828401508,-0.0330039849815559,0.00239252710379024,-0.00591425916282249,0.00300411581952601,0.0089582091588302
0.110059068513911,-0.119894999698908,0.010104086478114,2.05248750408064e-05,0.000999025511906301,0.00239703438174728,-0.00860243911087532,0.000394521549788683,-0.0190481692013296,0.0099793330833843,-0.0178341999321279,0.00322226150628652,-0.0144128793269218,0.00304173963063638,0.000900976961437877,0.0131174552623125,0.0131736416961683,0.000661654179976092,0.00146495090252288,0.000893472070403526,0.0174773727210353,-0.0100906645275376,-0.00613053077397562,0.00679639100901698,0.00582962139559887,-0.00263294699496813,-0.00423392709894641,0.0093580885546061,0.0031939703576653,-0.0029592731964369,0.00333166021940778,-0.00544463111011912,-0.0102576663891263,0.00136318353794908,-0.00542896492871988,0.00814495168143659,-0.0071061333146739,0.000502495134589271,0.000511371440226044,0.00542548332153908,0.0138113866525738,-0.00160789283985099,-0.00142851030549766,0.00239749682126647,0.0100942654909804,-0.0117498996315043,0.00977628418472662,0.00663159039869703,-0.0122170347795338,0.00759096723075921,0.00238735484944108,-0.00358326266811993,0.0109771564239707,0.00723377471191809,-0.016305691581597,0.01914793194998,-0.0092462345322534,-0.884902417918035,0.0207844563636433,0.0183978614284253,-0.0240296509644328,0.0113793134341,-0.0232758324419741,0.0130104235216677
0.0637515313846863,0.157995677519819,-0.0226095508092435,-0.00529797412827394,0.0175730066497429,-0.0114407420523729,0.00780280452639571,-0.00844564367164541,0.00710710862660634,-0.0149868179428573,-0.00627371751442678,0.0148506268233398,-0.00585918735998779,0.0049675546467148,0.0136321643225316,0.0058866257597526,-0.00976097301605087,-0.00246454073225908,0.00879004225089201,0.00014493618567955,-0.00617769859480478,0.0251211846954461,0.00970686655402728,0.00299957726929043,-0.0181768882512138,-0.0124036293905054,-0.00579158271601278,0.0272693980660696,-0.00700849631568961,0.00824370984296344,-0.0152241625375831,0.00538938705825413,0.00723584372536041,0.000660113853964649,0.0105101652294839,-0.00209252434121609,-0.00423482436584246,0.00355383113969956,0.00141566120067309,0.00670785068051983,-0.0206049096341683,0.00142175249446978,-0.0138023808947765,-0.00936245652419744,-0.00349606171520039,-0.0111936669873548,-0.00402789678788319,0.0111334664201058,-0.0123883768853919,0.00543590044767722,-0.0191124162991046,0.00295079147946245,0.00881437298804762,-0.0317993506164069,-0.0120640997023488,-0.0095841554775302,-0.00237153356064393,0.0172031169164111,0.96073250415361,0.00052736757698867,0.0402712919157486,0.0398130741256449,0.00068335212357457,-0.0275626258236284
-0.0978090288923665,-0.00190035744197986,0.00669313938051607,-0.0125413084730525,0.0103589869999707,0.000378777062513553,0.000366237707682005,-0.0168017807053781,0.000611118087149386,-0.00623533806490724,-0.0208186210226959,0.00677109446770858,-0.0116122558015923,-0.00605719712032323,0.00615212609692263,0.00954200386498649,0.00216206303166197,0.00445087234198072,0.000586673158462322,-0.0104743064384381,0.00474861824706524,0.00236612275303613,0.00363372765055206,0.00854590636694771,0.0143242549228043,0.00391897832837707,-0.0130063234346133,0.0111841003892278,0.00416743474750309,0.0121349534674728,-0.00715705267190619,0.00194172125527573,-0.00716882794117116,0.00254676690366048,-0.00197463557721823,0.00048807399749172,0.00183492867550636,-0.00485858797105242,0.0153147247085964,-0.0135747348106184,0.00228626958675264,-0.000355515627964334,-0.00839914452181885,-0.00665779394858839,0.0108243319803674,-0.0143582668385007,-0.00271606942487352,-9.72656004712066e-05,-0.000168005210524139,-0.00781381797949407,-0.00931630865684055,0.0145720698228049,-0.0010055939671868,0.00701776149820441,-0.00467540267536598,-0.00361305726404882,-0.00806809809675235,-0.00472234895172829,0.0052427241141553,0.628274648752953,0.0175462186517609,-0.0172944377112107,0.000808712723655598,-0.00166217502106279
0.00732159746168885,-0.088288076757197,0.0089271927606149,0.0118197765748962,-0.0122679202380584,-0.00705402230717707,0.00104833762814924,-0.0107962753904974,0.00309027659276415,0.0127107510871408,-0.0043759279454613,-0.00213031190932945,-0.0271232199262644,0.017433550421728,-0.00164767044336721,0.00203785755645322,-0.0175262210976767,-0.00414967875267101,-0.0046566054058037,0.00814196256418236,0.0121222766223765,0.00010786059720957,-0.000161062543417113,0.00668504193318266,0.00408250121883104,-0.00680396412416187,-0.0046900388176592,-0.0142804710407874,-0.00910630775802078,-0.004347333306035,0.00650572660886796,0.00916104636286952,0.0133950688906635,0.00726972570694811,0.00759865640663537,0.00666583952072716,-0.0157421341610856,0.00469407371234696,-0.00396951287555508,-0.00512917909668163,0.00065412612847392,-0.00179385137191065,0.00156708634076204,-0.00884281184631704,-0.000604971767794911,-0.015214457548073,0.00232665501936175,-0.00940049426268392,0.00338405901643142,0.0102993686943126,0.00876043529036469,0.00568149607744338,-0.0106949505306927,-0.00112106420921553,-0.0252695368356451,0.00335305395392578,0.000915828880621569,0.010902582639825,-0.0158422792938417,0.00496859888927548,0.782048901082323,-0.0297712582928714,0.0121118935169623,0.00932264164505853
-0.032955335933951,0.0207406453638993,-0.0100502422600234,0.0115229213622824,0.0225097543111792,-0.0156231861009629,-0.00406771384120275,0.0144241951998571,0.00220270891532717,-0.010762095056152,-0.00822943216867399,-0.00248655800997681,0.00205816953001686,0.0193139957043858,0.00696767829462781,0.00262954950860505,0.00642566008554659,0.00310204737352604,0.00700800144936835,-0.00265729167547561,0.00962146905544067,-0.00428056895303391,-0.00425260288464925,-0.0069385004726595,0.0131350928864734,-0.00281376323899474,-0.00465209078904098,0.000870867132972111,-0.00276144973476671,-0.0164659999849336,0.00572085803789485,-0.0128645550416515,-0.0111167367901173,0.00294778775517425,-0.0122157252139627,-0.00773383738833664,0.00502927262981446,0.00589196221261054,-0.0180618194317022,-0.00770877803778224,-0.0117704023275439,0.00116856074029899,-0.00186152479516977,0.0270317534984902,-0.00102314936333066,-0.00373167020405954,-0.00880859609812993,-0.0152290882404731,-0.0117133758314962,0.000221594654698929,-0.00564157255823723,0.00491581345260144,0.00233022266332803,-0.00187722059031736,0.00479650427613984,0.0118000243877963,-0.000257427510401878,-0.00564466738601537,-0.00726832667679731,0.00543381731161138,0.00125741767467304,-0.473264725136756,0.0178513733082822,0.00836308783222822
0.116172536721533,-0.0158207729770175,0.0108103226861354,-0.0137990830826395,0.019977139208344,-0.00298661810803364,0.0105915070207429,0.00858487114282822,-0.00140716411055448,0.0160662571758478,-0.00382397168828267,-0.003917151945438,-0.00866358441044885,0.00993029528314558,-0.0083085968770653,-0.00606420958642858,0.0089679329637075,0.00671980991540786,0.00684278238307472,-0.0120999707697438,-0.00714381808424608,0.0136584120910011,0.013866650584538,-0.00405475904758526,-0.00141079288798222,0.00285012636538712,0.00999620197646833,-0.00850627641150686,0.0109427306387001,0.00087928478633361,0.00521409467126778,-0.000830950994706963,-0.00630452490701434,0.0082081049778187,-0.0131172698887164,3.56539742949365e-05,-0.00944183263881616,-0.017099647291251,0.012105394871577,0.00867431071765251,0.00261082972822801,-0.00887440790431435,-0.00573311269834452,0.0026946747663147,0.0126856600605679,0.0165190818716903,0.0125230172587607,0.000656034068975657,0.00423913939762144,0.00198843121379708,0.00159904936233964,0.000604333149635249,0.00264215205178882,0.00869716239786698,-0.0211604988923206,-0.00449266580946311,-0.00437458014921038,-0.00429721845426281,-0.00120771174918101,-0.0121554735315511,0.0028002865449606,-0.000625534930343286,0.962977278323454,0.0257396726545113
-0.0274046161204004,0.118264784783882,-0.00787085351524721,0.000582839585529647,0.00618575737718759,-0.00806019282582433,0.00151619460526899,-0.00564476591509111,0.0247881554833629,-0.0126244540886363,0.0167461998822092,-0.00494939860376144,-0.00415930824098788,-0.00765276409581673,-0.0172985881215164,0.0134764308866264,-0.00526967164800175,-0.000754222184785956,0.00366589213243114,-0.00752384170598385,-0.0147697101975253,-0.00147269604442715,-0.00179147344117069,-0.000115199343791653,-0.00323895618464629,7.07736540272379e-06,-0.0156181485614863,-0.00758646152858256,0.00164698209618595,0.0100974759027237,-0.00133163297777069,0.00539321634018182,-0.015294897873599,0.0165278517566512,0.012980036227303,-0.00386063088123178,-0.00959589374609382,0.0215232090248176,0.00581050690999934,-0.0066163392553312,0.00829607228722124,0.00446085472769106,-0.0118451807854462,-0.0018201742336074,-0.0116963546892847,0.00560860157849962,-0.0170605496598048,0.00158487002448688,0.00385087460234601,0.00603098955117687,-0.00930496593026967,-0.0126808014453963,0.00331689111821769,-0.0204409055417623,-0.000388742413306026,0.0149612373681664,-0.00129203018170663,-0.0117132104222533,0.00566369978352064,-0.00529107045816437,-0.00667360843371947,-0.00359464502788814,-0.0152028967703418,0.931944607425326
