0,-1.74668276232589,-4.48699932791363,8.45420262136923,-1.35738763115341,-5.52960249410358,2.75314600259623,0.0677409968528503,1.97004317231455,-6.52424483596615,1.81627272894752,6.77212609222092,-6.14617919305786,-0.103393796623911,9.22687062341332e-05,3.02587925358607,-1.92677202051507,-6.23685573472762,7.85848207323251,-0.19410360261337,-3.91461555190645,0.437903018726567,-0.640175428326648,6.61177038083551,-7.64064382530079,0.851699102896518,6.56903657917702,-4.08250839959097,-0.39443536712483,-2.68039897082786,4.23833208414347,3.6120268009169,-7.28736755929445,6.96806310484564,0.756268924879855,-1.77989277433994,-1.63197290192298,-1.97960670564434,8.19492382443318,-4.17712629897538,-0.277875228873238,5.47236535071024,-1.67658620572818,0.279695439523864,-5.40305568825953,4.35385045804601,4.69484178006735,-7.82235682714888,4.92905614126816,0.839014337702092,0.999172121587741,-2.89497694656468,-3.6459500357288,8.66368599031469,-2.86650460813043,-4.03564003474371,3.44475822834113,0.433359795741638,1.71076676032912,-7.46361272992684,3.74440911553223,5.44101183054224,-6.12650301946994,0.28963361968931
0,0.0477600849049478,-2.84151587575774,-1.98002716557895,8.3694137620274,-4.56659429154927,-3.45711988331508,3.3120147121479,-0.550488821345435,0.799671953716103,-6.36813133327612,5.10407232116342,4.08217676318254,-6.91191379554482,1.62482833705428,0.0411974436296259,2.63035389853003,-3.88493043781485,-3.43091896745096,8.57500801123224,-3.14991924613929,-2.69073894486243,0.594142862441624,0.574966031110752,1.95784424862231,-8.08314153903952,4.36586767202525,4.44578696168212,-4.91466476293792,0.571428692808437,-2.19902787610922,5.53915205889376,-4.15238058637024,-4.55227362481765,7.85215401317827,-1.84959992217146,-1.40427520967072,-1.93180828416053,0.382094867644885,7.06158372980391,-8.62057962375308,3.15546320884244,4.00750019045123,-2.32306563010816,0.0483490282882867,-4.54584338055425,6.63572793889714,1.26732975477472,-5.16336667288041,6.17958832550769,-0.585333029172972,0.804455553200956,-4.09130705550643,-0.458961611119213,8.24293965051139,-5.83188634530862,1.73654831013631,2.58916489209622,0.421629121649157,0.0187718037958551,-6.53869337704071,6.50057704275929,2.11436263220021,-6.04461797791101
0,-2.77555756156289e-17,0.0112509402078401,-0.153535389942792,-0.590921746610332,0.96500404770126,-0.138240356434629,-0.595339972308341,0.449980451300646,-0.0310198297048862,0.33251739302752,-0.752992287553999,0.161501102105618,0.825690765475364,-0.728079876324905,-0.0239419622687329,0.0471504575346749,0.364119607097551,-0.14605804885258,-0.797135649764947,0.884802748424826,-0.0144698551965484,-0.454337906293897,0.0480764790594778,0.0974155428103504,0.516829600669289,-0.899227599860039,0.0638404928866243,0.750104829024378,-0.482056856936503,0.000668775358014129,-0.362084615304144,0.602276666441714,-0.0841956933263876,-0.905077282574869,0.792600585743202,0.0581408927005699,-0.135408565563321,-0.230780946529892,-0.325733898788312,0.720803849388987,-0.889170048564991,-0.0546677834455202,0.628906413496958,-0.215296132817814,0.0687764431370861,-0.644513342583643,0.488790222322682,-0.0122189741178154,-0.889809076111292,0.583157596034176,0.0612507406280477,0.158085264539028,-0.334482353474505,-0.478735984599195,0.968653892536005,-0.794141478876279,-0.108961842026298,0.362393747590911,0.0466618773049081,0.254519390028113,-0.873476889739224,0.433391168879703,0.648132340929903
1.66533453693773e-16,6.66133814775094e-16,5.55111512312578e-17,-0.0657089995126681,-0.11975179461837,-0.207512867121148,0.472050860047039,-0.161873293684742,-0.126068465883324,0.281591337614315,-0.0536601396854158,0.0592809627978884,-0.363734053119056,0.205403565743995,0.363881974526286,-0.400978768836769,0.194151210697859,0.0352335441307078,0.13816895558136,-0.161535076715576,-0.294835289097036,0.549378618156261,-0.0826688991204927,-0.231197853101722,0.0980816707299941,0.0613700584555806,0.169987565374462,-0.478502560626609,0.136595624368775,0.371538747010515,-0.332368141014378,0.0170917219253822,-0.0201128308555293,0.286222833596913,-0.15425797831013,-0.397920338203949,0.457965851154694,-0.0447296975064575,-0.0875686722139182,-0.0891190244447362,0.110936181317308,0.273824646270857,-0.471870695833881,0.0922619484047403,0.282175639170368,-0.101676039020732,0.0129860907512633,-0.290608463923726,0.378275597244237,-0.0784970932037875,-0.372793598890793,0.36728253177811,0.0620699230987766,0.0453742490863588,-0.193316989690037,-0.139004294763726,0.368647102284036,-0.46403886485375,-0.0436457850986271,0.161766666185012,-0.00711297630189719,0.0799107268460668,-0.426666376451137,0.319470658456443
2.77555756156289e-16,-1.94289029309402e-16,-1.11022302462516e-16,-2.77555756156289e-17,0.585607028445451,-0.224241057061525,-0.295257049166874,0.457903070689955,-0.345331757415298,-0.050921984155724,-0.0163359833322169,0.124977122835475,0.194788387645608,-0.532317384032399,0.20980098603668,0.285945380972498,-0.287584538337755,0.0141179180735729,-0.0747796072623976,0.353795807062523,-0.19734235851647,-0.351377009563954,0.391181674958407,-0.0244680510142904,0.006681546351767,-0.159762145738613,0.203074524683737,0.288341677703353,-0.513365257731277,0.0853674855247789,0.226909408906297,-0.0643435771172247,-0.0447217868773027,-0.193059914569841,0.447986278359692,-0.155722569158145,-0.340702555590033,0.318085987540646,-0.0453855740697002,0.126567703077226,-0.277669940125946,0.156934175087627,0.322677924753279,-0.476352325808438,0.0496329785133367,0.107643932838874,0.0827039017667123,0.0417938960956191,-0.280905247818861,0.523977745703192,-0.0989683675262397,-0.285422926240952,0.152898080917825,-0.0118072678024124,0.271689658422428,-0.295857613957552,0.130819316672595,0.361736958934828,-0.300923587043647,-0.0519877314214436,-0.0139739399510448,0.222835725701894,0.0992882065639373,-0.519736478487353
-1.73472347597681e-17,-2.77555756156289e-17,-1.38777878078145e-17,3.46944695195361e-17,-1.73472347597681e-18,0.139464442212534,-0.0950756078983793,-0.265232636838532,0.355670093076648,-0.202023632425188,-0.154229708830342,0.15525009602571,0.0523145390805984,0.15197942620528,-0.298883706878923,0.0703145585411535,0.178595835271367,-0.311789422392204,0.0629979776157109,0.0514311454647184,0.15155027407555,-0.0998016234599647,-0.309152364176585,0.346454075091389,-0.164920354474399,-0.182073925982711,0.048302621555038,0.0613833068508958,0.192911834630317,-0.356107177854384,-0.0133722383836887,0.265338366094011,-0.222838901866346,0.0115172733611749,-0.0591304182474752,0.295439764838574,-0.0747340151801133,-0.324625699747615,0.251093901401786,0.068460516695101,-0.0429317780739739,-0.0602000207424203,0.0970024783113558,0.281321283577118,-0.330323022530941,-0.0410704967309155,0.220704881995023,-0.0560333900063465,-0.0293754055497385,-0.138019505273714,0.30093431358713,0.0146696520613992,-0.339879337121659,0.160844589727709,0.0473063628031784,0.0348062932830849,-0.201151957807366,0.016526570870618,0.282124843640549,-0.29158285610104,-0.072224930271024,0.124922811146721,0.0230781219462694,0.111345012265318
-1.66533453693773e-16,0,-1.73472347597681e-18,0,-1.11022302462516e-16,-5.55111512312578e-17,-0.749391410276068,0.0646993931787401,-0.0321788116144025,0.127674019579655,-0.165857950542956,-0.0713321330787994,0.240285684740287,-0.133374429206481,-0.0665760957362023,-0.0386191238078725,0.135095180029393,0.0253213630436446,-0.29540339131549,0.181226365265995,0.131408418265177,-0.124462778028379,0.00498565450366088,-0.0989364520906728,0.204154951617212,-0.199351409539061,-0.121164244155336,0.245482152210764,-0.0611034445317134,-0.0464356755755665,-0.135811049484473,-0.0141112076897622,0.117030345309716,-0.287210259792653,0.132539174646629,0.0892131361755269,0.000414339604187942,-0.0302352479509451,-0.171279339498556,0.255314333520959,-0.177325840290705,-0.144090541265231,0.142633015311977,-0.0122964125849981,0.0718875581735535,-0.202251890392239,-0.00398006878407316,0.271308140770722,-0.289530703162377,0.0745978980041122,0.0738430116026199,0.0804407004761045,-0.0474077350715762,-0.21456736809236,0.236934569986626,0.056410994677384,-0.115738010504476,0.0687281457728751,-0.00312457510250998,0.15326619714384,-0.230769599408905,-0.00414185829874988,0.297818644977939,-0.120882475087536
0,-1.2490009027033e-16,1.73472347597681e-18,-1.38777878078145e-17,-3.46944695195361e-18,-1.38777878078145e-17,-5.55111512312578e-17,0.356696020969643,-0.139003381678178,-0.00587633788300778,0.307202534349062,-0.234564907569624,-0.0624793149967385,0.0531343419950667,0.0408351329380123,0.117540098488948,-0.225221999892057,0.210929402117797,0.0694474310266942,-0.225238972220123,0.0399423260486176,-0.0518783735735842,0.162489284467527,-0.074730026552207,-0.0650734370765574,0.293756694581704,-0.141234232510004,-0.0123404315325039,-0.0177746021777264,0.0185445345908079,0.158698616870997,-0.267098756671177,0.180299930828548,0.0988085945916216,-0.120158286263531,-0.0213299921024253,-0.0764650239248426,0.194748549242015,-0.0512756274429561,-0.22933977427709,0.239513188631456,-0.0812152583871746,0.0155075864434728,-0.121398718232039,0.0251821788991094,0.22401452383482,-0.240758320108779,-0.0360372896341737,0.063651110509832,-0.0377940679917234,-0.0255980629201659,-0.154201641053478,0.279669936368451,-0.0346229299442251,-0.198364352046478,0.125471498179839,-0.0255246144364735,0.0838532244557068,-0.206813568949548,0.000456057727705822,0.251127276116372,-0.189571869761869,-0.0134772216498827,0.0404577339389644
0,-1.11022302462516e-16,0,0,0,0,5.55111512312578e-17,0,-0.468857622516093,-0.00932065700723948,-0.0701473755895683,0.201883137570018,-0.0796502300521249,-0.178126634777331,0.151244786688081,0.00164998090157537,-0.000350611207861031,-0.0686339473072195,0.021829545285675,0.16178051506678,-0.182826518882141,-0.00135291882486147,0.0737051267116143,0.0166136577884554,-0.0412244836134414,-0.0789776580490502,0.18825350464925,-0.0421378897780207,-0.155433383165269,0.120378834332664,0.000449446446422813,0.0410037187003239,-0.181346988160263,0.0212380844298322,0.191983832561298,-0.214868056297446,-0.00550269177209595,0.0212983648871634,0.0685042709501448,0.078444179734153,-0.164001347814545,0.191550040380662,0.00793353555775196,-0.10928665025059,0.0463101133469143,-0.056048923852618,0.162675484394388,-0.0984898308167956,0.00464562962605331,0.171030209852673,-0.15003117643657,-0.00393667862908838,-0.0607424914738244,0.0896240104912497,0.0865398130235304,-0.265011804887996,0.20018596386439,0.00983004259289414,-0.0441304461318258,-0.0317202461633244,-0.058086980064682,0.207509354034197,-0.1010962327229,-0.105350659178152
5.55111512312578e-17,5.55111512312578e-17,-4.33680868994202e-19,-5.42101086242752e-19,-1.56125112837913e-17,1.56125112837913e-17,1.73472347597681e-18,4.16333634234434e-17,1.38777878078145e-17,0.200139625076563,-0.0821574228739693,-0.123153228857182,0.212487151812965,-0.0348666322151173,-0.175531425170332,0.0723759310538872,0.031249662179479,0.0245520255980508,-0.198249823015303,0.0402634068253249,0.141850537796594,-0.137314836677324,-0.0345661484997262,-0.0150788853636917,0.0797310784665706,-0.0729516787892378,-0.15278146193098,0.188181865586057,-0.0351039989349516,-0.0806089178126646,0.00313546211704935,-0.0236061302061646,0.104414051181603,-0.186870314903974,0.0412789039048342,0.14238710172222,-0.0726043690349152,-0.0118155132853315,-0.0891490696158652,0.141098229226941,-0.0257051790733368,-0.172131674517528,0.19465173638629,0.0276960988931932,-0.0328710386154201,-0.0881867247533284,0.00194697663566303,0.236101388870531,-0.212847392985661,-0.000720605051201972,0.134225766212577,0.0280513847354604,0.00014118227353975,-0.131563675653295,0.130141210105762,0.108310057433097,-0.199775565528265,0.109077201011083,0.0375329519028205,0.0556987675051449,-0.097340846064405,-0.0696261032345592,0.230651080329493,-0.0857482933594054
5.55111512312578e-17,5.55111512312578e-17,-1.73472347597681e-18,3.46944695195361e-18,0,0,1.38777878078145e-17,1.38777878078145e-17,0,-1.11022302462516e-16,-1.01322648644848,0.0904451752653203,0.0226381313985612,0.0526560824190998,-0.0055711929925229,-0.149855473456302,0.219169423990811,-0.0822098744843503,-0.0485863252032174,0.0347597429140008,0.0108137438273101,0.121878422874521,-0.156473084475158,0.0153195415634991,0.115981868627106,-0.142294683090609,0.0034656507738331,-0.0290355237685271,0.118392113800672,-0.012539858553405,-0.140021355112186,0.193299423108935,-0.0445443270458146,-0.0644141653011054,-0.0154799574244193,0.0314283164377896,0.114451278653206,-0.189641352829011,0.00128715917588812,0.116413037196053,-0.0925656263489062,-0.015660956549482,-0.0666990980607263,0.145752269081733,0.0236017293048828,-0.171501242540521,0.101527534640287,-0.00714285949676716,0.0176154461235418,-0.050691658471973,-0.0272072746528029,0.190315435841027,-0.147628233901488,-0.025513373378965,0.100083887696484,0.031741020173915,-0.0242784445835572,-0.17252235431904,0.155482994905509,0.048205546128368,-0.162258490171375,0.0695079568835655,0.0060522070628324,0.0919932205051931
3.46944695195361e-17,-2.77555756156289e-17,3.46944695195361e-18,0,4.33680868994202e-19,3.46944695195361e-18,6.93889390390723e-18,2.51534904016637e-17,5.20417042793042e-18,-2.27682456221956e-17,-2.60208521396521e-18,-0.331204440775269,0.00518368249755763,-0.100750914194258,0.108778057386438,-0.0180375548208608,-0.0522524714379959,0.112045844548659,-0.0438445425421813,0.0211285867076216,-0.0828665413766815,0.0133813976040498,0.113674240226896,-0.127068205665159,0.116650640315929,0.0379658996697754,-0.0297350482485263,-0.035834512151739,-0.0664451971019413,0.169380917158566,0.019199245659481,-0.0772408997392177,0.0908462741328591,0.0066986370118783,0.0529939496993867,-0.135689353924696,0.0272583535114024,0.149897517753594,-0.0877479639411008,-0.0254376529544775,0.0322714511151679,0.0768201595090792,-0.00205550838585771,-0.147766578807912,0.145223749158859,0.0578653202215,-0.0841709594639513,0.00920523651257647,0.00196577304239477,0.0762783996386395,-0.167543685925076,-0.0127285139846275,0.154984112965563,-0.0524272665562793,0.00905800707738534,-0.0657426813205432,0.0776687255858384,0.0195393033187106,-0.123547619374585,0.0890778036703962,0.00427013151086538,-0.0428216033854659,-0.0125694276973103,-0.0664244575178264
8.32667268468867e-17,1.11022302462516e-16,-3.46944695195361e-18,-5.85469173142172e-18,-6.93889390390723e-18,1.73472347597681e-18,0,6.93889390390723e-18,2.08166817117217e-17,-4.33680868994202e-18,2.77555756156289e-17,0,1.10856608425296,-0.0944398564729684,-0.0649303664421182,0.071458959375042,0.00545343421201443,0.0162771279368981,-0.0917815290973641,0.106084480589462,0.10432840873516,-0.1217212945875,-0.00198269076986131,-0.0383620322182102,0.0914701422922097,-0.0757001216114047,-0.0877502988196923,0.14888067775681,-0.0431127241712263,-0.0739483841283414,0.013897634623949,0.0344175062877622,0.0507991747201119,-0.142554290538223,0.0852946965227623,0.0844809915603399,-0.102537547731817,0.00589185322094017,-0.0456701628962047,0.132154983420658,-0.0862524584938722,-0.137443671182143,0.162266058137744,-0.00832712089650311,-0.0176092320330976,-0.0534730707767689,-0.02093221033677,0.160733693494043,-0.140922046338962,0.0501017712840795,0.110333281178094,0.00293546157681605,-0.0229792247868414,-0.0908870519876375,0.101643072070145,0.0404905362463186,-0.101571474221585,0.0741604480831216,-0.0228060018916669,0.0352708311263053,-0.0782115946684736,-0.0357682782252,0.127589987926933,-0.0654933603380868
0,-4.16333634234434e-17,0,-1.19262238973405e-18,-2.38524477946811e-18,-3.46944695195361e-18,2.08166817117217e-17,-2.77555756156289e-17,-2.77555756156289e-17,6.93889390390723e-18,2.77555756156289e-17,-5.55111512312578e-17,1.28369537222284e-16,-0.49041398155957,0.0139174232156552,-0.0347757083345844,0.115026329730709,-0.110335026410557,-0.0293051999024492,0.126421664850007,-0.0483377718520882,0.0255046070198364,-0.0667433200748601,0.031312787830431,0.015787350959954,-0.120187744508763,0.0689713257686634,0.0724385363023558,-0.0460542216528043,-0.010697764847023,-0.118058604274486,0.122529424709826,-0.114793363476964,-0.0426418609889378,0.102498462669119,-0.0246908302809083,0.0523192009311983,-0.0713540468460567,0.0653581330287394,0.141651606099229,-0.139466202208253,0.0517274434724447,0.0276901750909979,0.0226380520856605,-0.024583167044614,-0.113922791553324,0.141047315350574,-0.00218536882451432,-0.0497009715285139,0.0495053474835244,-0.0110708518795235,0.0750611975466116,-0.151428113167092,0.0638148368815327,0.158136742451406,-0.073765380676597,0.0152542596093045,-0.0139930504265419,0.0714539733656733,-0.0253272452839732,-0.132129622461532,0.162284148507917,0.0368587795932422,-0.02407786810882
0,-8.32667268468867e-17,-3.46944695195361e-18,-3.25260651745651e-19,0,-4.33680868994202e-19,-2.60208521396521e-18,-4.16333634234434e-17,0,-1.73472347597681e-18,-2.08166817117217e-17,3.46944695195361e-18,0,6.93889390390723e-18,0.856139124698579,-0.066178927622276,-0.0100425631168448,0.0864484359539423,-0.000407934839559795,-0.0141989534005407,-0.0958488344346962,0.0227742259797776,0.0812352391806435,-0.156694352956049,0.104408238576391,0.0233419455798359,-0.00700518482063627,-0.0373482681791842,-0.065073997090117,0.142911643135117,-0.0129099403899805,-0.0706606965957898,0.129487093116385,-0.0302172472785579,0.00633983658593843,-0.13334586477836,0.0792448144451166,0.120694622414219,-0.120593829794919,-0.00327923655910989,0.0405504712356332,0.00647373965596982,-0.0218662947773034,-0.0692958030267779,0.138983054318662,-0.0295174918342597,-0.0778230495138164,0.00867780223006695,0.0138402459202044,0.011545101032608,-0.147776207031908,0.0164247401938416,0.150084561941589,-0.0807328707882955,-0.0468497424121314,-0.00886105566090317,0.0606407662305951,-0.0620457149773024,-0.0947235012139801,0.121560647990953,-0.00649577033118184,-0.0397106371338028,-0.0233523510022505,0.0270166292571482
1.11022302462516e-16,0,0,-4.33680868994202e-19,3.46944695195361e-18,6.93889390390723e-18,-3.57786716920216e-18,-1.73472347597681e-18,2.77555756156289e-17,0,5.55111512312578e-17,3.46944695195361e-18,0,-8.32667268468867e-17,0,-0.407202561986305,-0.00285028161271288,0.00675335666599313,0.107976726015851,-0.140238434211644,-0.0568108642529599,0.11579446314975,0.0206588962454688,0.0149166679678095,-0.00336804872477751,0.120443557752459,0.00653534375329044,-0.116783389882341,0.0302477763963064,0.0286006935294978,-0.00364566454449734,-0.0551188865516725,-0.00447617675833533,0.14323570803667,-0.127400750412362,-0.0649523914291386,0.0588308255159649,0.0321496334537304,0.0270370185127958,-0.0784250941789734,0.115229012160762,0.0227527438456867,-0.119406253141736,0.028536567341565,0.0193366040438614,0.0681380333879239,-0.0406386673434179,-0.0859884947844748,0.145260740698323,-0.0603193402283531,-0.0503521953267813,0.0308660752674474,0.0415930004212503,0.0605479126067418,-0.135650196282183,0.0193233153500031,0.0505956596864051,-0.0887351773306472,0.00269318398204218,0.00746751658789443,0.066733221351761,-0.00647735028101731,-0.127173485591563,0.102369571298713
0,-2.77555756156289e-17,1.73472347597681e-18,-1.73472347597681e-18,4.33680868994202e-19,1.0842021724855e-18,0,8.67361737988404e-19,-3.46944695195361e-18,0,3.46944695195361e-18,6.93889390390723e-18,-3.46944695195361e-18,1.38777878078145e-17,-1.38777878078145e-17,2.77555756156289e-17,-1.10033955827673,0.0423706115815222,0.0254977235711094,-0.00447205220660365,0.018162714977731,-0.0263282934973959,0.132314238213901,-0.00460366464111403,-0.055988672804226,0.0785570960748508,-0.00846168555314906,0.0484792910944017,-0.091690396447466,0.0367410875852464,0.0765755300941255,-0.094704525429218,0.0522106335779052,0.0169208574664049,0.0849463883578633,-0.00132553798648327,-0.0614993074702807,0.0774203890672395,0.0278995860793479,-0.0413702128035551,0.0210414316230126,0.00347701085848304,0.0621321424861505,-0.0856058687859051,-0.0374444375307107,0.0916418832389469,-0.0759462112672857,-0.00761928099872374,0.015534759697882,0.0756670944171833,-0.0285315302972538,-0.122455411946009,0.0944928133735243,0.00347981238726642,-0.00166981847850459,-0.0011434629466967,0.0117749738341588,0.0598921177134481,-0.0844852638394104,-0.0248964941889863,0.101988572275929,-0.0242425853058481,0.0341611581102616,-0.0976396911820764
1.38777878078145e-17,5.55111512312578e-17,8.67361737988404e-19,0,-2.16840434497101e-19,-1.30104260698261e-18,0,-1.0842021724855e-18,0,-1.12757025938492e-17,-2.77555756156289e-17,1.90819582357449e-17,3.46944695195361e-18,-6.93889390390723e-18,-2.42861286636753e-17,1.99493199737333e-17,-9.10729824887824e-18,1.06835860122663,-0.0406529313742881,-0.0269462851789821,0.0636045319927749,0.024779852233888,0.0493616321333438,-0.106095335056588,0.0815793670911494,0.0858810360494808,-0.111537394856126,0.0115002518708978,0.00408770241236415,0.0421159185306125,-0.0275272331220285,-0.0998211881712152,0.0968003027308618,-0.00967660996502355,-0.00360821531762474,-0.00954183108922533,0.00377355088899458,0.0679841820227997,-0.0732115421373012,-0.00889073287077689,0.0635190098541324,-0.0594941134096395,-0.00280451363878179,-0.019301181042357,0.048879405587914,-0.00217587905087447,-0.123610954267002,0.0566953780553282,0.0234713690102459,-0.00507880004532825,-0.0229184311067038,0.0179162426593052,0.112034868879031,-0.0648128646084238,-0.0246467230075888,0.0520345178903094,0.000314305538183391,0.00622794076815056,-0.0596396747668555,0.100380824558603,0.0419776277056694,-0.09187528918417,0.0656456186355267,0.0352785064646085
-5.55111512312578e-17,5.55111512312578e-17,4.33680868994202e-19,-8.67361737988404e-19,1.73472347597681e-18,3.79470760369927e-19,8.67361737988404e-19,1.73472347597681e-18,-2.38524477946811e-18,1.38777878078145e-17,-6.93889390390723e-17,3.46944695195361e-18,5.55111512312578e-17,0,0,0,0,-2.08166817117217e-17,-0.103312230357367,0.0143213146285002,0.0393355010649035,-0.124784447727499,0.016175553914487,0.0783523825458904,-0.0514862889311405,-0.0171529366142695,-0.003100431856742,0.0613740951760638,-0.0141883271042893,-0.0627151168820747,0.0698686742461327,0.0213351403369245,0.0177231402718118,-0.0529686756381208,0.0456938542784265,0.0523318351212605,-0.087908177044725,0.0014833462027792,0.037839943098831,-0.032858577104665,-0.00684685895442954,-0.0546212487026512,0.111424725007285,-0.0266182144906243,-0.105217218327183,0.0662250137591161,0.00396962700809621,0.0504632697052924,-0.0472818305681629,-0.0168629577962972,0.0890310687501007,-0.0985371782002918,0.0102935387471356,0.0141463609462477,0.00268658679909894,0.0690615093100198,-0.0532818708938607,0.106291790303111,-0.00992187103255784,-0.046984706900559,0.0115489092029454,-0.00935487798455045,0.0805823110049181,-0.0933951431342004
-4.16333634234434e-17,5.55111512312578e-17,0,-3.46944695195361e-18,-8.67361737988404e-19,-2.60208521396521e-18,0,-4.33680868994202e-19,-4.33680868994202e-19,-1.14925430283463e-17,1.56125112837913e-17,6.93889390390723e-17,1.38777878078145e-17,0,-6.93889390390723e-18,1.04083408558608e-17,0,2.77555756156289e-17,0,0.959414292975467,-0.00542845010383346,-0.0104927834412847,-0.0508934654011923,0.0348703025777364,0.0278680517340159,-0.0956893293711284,-0.00281654418349617,-0.00131933560761989,0.00253572295316742,-0.0205193553972998,-0.0687801317475003,0.111513282996685,-0.0408561639984594,-0.0681020438497377,0.0483485214848582,-0.0282727946809973,0.0154663914833632,-0.0264380143759988,0.01919623034566,0.0840231496777154,-0.112497033033858,0.00926207437893102,0.0026415769761829,0.0342070044874947,-0.0418366009039414,-0.0720944105940588,0.0683779056389274,0.0415833864237093,-0.0598921869379155,0.0577149951187075,0.00713951772357165,0.0629759549257307,-0.0776771168288198,-0.029719396875009,0.125286687916348,-0.0602761777749986,0.00468775689074287,-0.02274914265042,0.008792490375957,0.0171330696111114,-0.103412773420041,0.0713388410573427,0.0455596342408868,-0.0719882389618947
-3.46944695195361e-18,5.55111512312578e-17,-2.16840434497101e-19,2.16840434497101e-19,-2.16840434497101e-19,-8.67361737988404e-19,1.19262238973405e-18,-3.46944695195361e-18,8.67361737988404e-19,0,-1.38777878078145e-17,1.38777878078145e-17,0,-6.93889390390723e-18,-3.46944695195361e-18,0,1.73472347597681e-17,1.38777878078145e-17,0,-6.93889390390723e-18,0.55865992205185,0.0264846320280299,-0.0461184679178169,0.0973145188689541,-0.0488055600128375,0.0116551523623807,-0.0324527077454076,-0.00610107726165045,0.0263879168815034,-0.0818199136823601,0.0049869444543361,0.0313098280821754,-0.0500149513214209,0.0148889187435881,-0.0308415458501594,0.0868986509875544,0.0311850178657656,-0.0522495397190492,0.0787299757065531,-0.00546738723536022,-0.0201189384069428,-0.0527529862467268,-0.0162775689800066,0.0899767068180831,-0.089702620593474,0.0134424613598121,0.0482425949486934,0.00705863353111814,0.0298435073097667,-0.00611468020946469,0.0810391629504242,0.0112420614973989,-0.0385197823262986,0.0743063121498167,-0.0182934526908562,0.00785551878190738,-0.0493904925442995,-0.0152279638281688,0.0777173691225991,-0.0630275336416389,-0.0203132052509906,0.0178722175145418,0.0461770163385691,0.030096401055273
-1.11022302462516e-16,1.66533453693773e-16,0,0,-3.46944695195361e-18,8.67361737988404e-19,4.33680868994202e-19,0,-8.67361737988404e-19,0,-3.46944695195361e-18,0,0,-1.73472347597681e-18,-1.38777878078145e-17,1.0842021724855e-17,2.42861286636753e-17,-1.38777878078145e-17,-3.46944695195361e-18,0,2.77555756156289e-17,1.05602035087255,-0.0458794800643891,-0.0323431772945205,0.0288817441180067,0.00716038376047097,0.0381917756787602,-0.125245187429236,0.030301198483241,0.0467793683845551,-0.0586757164141276,0.00056824119730583,-0.0197748649949334,0.0250810743505589,-0.0270550436928867,-0.0625140262476329,0.0514356907723476,-0.0359772823358559,-0.0585268701507202,0.00896264407143806,0.00822412268051072,0.0313319491217251,-0.0961504251555673,0.0448588086715364,0.0497827539663888,-0.0290821389095764,0.0153062421008857,-0.0931291058424003,0.088699857815125,-0.0745018272623729,-0.0854820066642898,0.0703350643443684,-0.0341532085342879,0.0157366908651905,-0.0368291526335819,0.0282802262940244,0.0666829964123424,-0.10386549912904,-0.029067543828438,0.0482086866172,-0.0317621069390602,-0.00440313148227787,-0.0701294724031969,0.0713341361003408
-5.55111512312578e-17,-8.32667268468867e-17,2.60208521396521e-18,1.62630325872826e-19,1.30104260698261e-18,1.73472347597681e-18,0,2.16840434497101e-19,-8.67361737988404e-19,-3.68628738645072e-18,0,0,1.73472347597681e-18,-3.46944695195361e-18,3.46944695195361e-18,0,-2.77555756156289e-17,0,0,-1.38777878078145e-17,6.93889390390723e-18,-1.04083408558608e-17,-0.43845387243735,0.0426300029699558,-0.0155863363431356,-0.085022408752372,0.0532429585661095,0.0115028685941797,-0.00959772501340869,-0.0140866629653953,-0.024045859052798,0.0988105007631149,-0.0648115442354527,-0.020826311742725,0.0529106304913474,-0.0178760756642031,0.0018066027130228,-0.0839750543663426,0.00149190425850586,0.0836877131189908,-0.0776293358453784,0.0203886902476507,0.0157418988559436,-0.0205023483249936,-0.0272499773341983,-0.0217413506341743,0.0763758015999736,-0.0448419834367721,-0.0345225917416668,0.0221315536241647,0.020577746518522,0.0382581861880986,-0.068036491830186,0.00957585439567035,0.0776264196581154,-0.0697697093907588,0.0362774523757961,-0.0179040505883488,0.00493907550948562,-0.062236668748626,-0.0732670462606256,0.0742503226202762,0.0270559887984848,-0.0261153260395248
2.77555756156289e-17,1.11022302462516e-16,6.93889390390723e-18,-1.19262238973405e-18,0,-4.33680868994202e-19,4.33680868994202e-19,1.73472347597681e-18,-2.16840434497101e-19,-1.73472347597681e-18,-4.33680868994202e-19,-5.20417042793042e-18,-6.93889390390723e-18,0,-3.46944695195361e-18,-2.77555756156289e-17,0,0,3.46944695195361e-18,0,0,0,-2.77555756156289e-17,0.289440956537616,0.0109254874899874,-0.00529390038331609,-0.0866117977309262,0.0499345762679179,0.0339845584021181,-0.100435331732409,0.034290018721086,0.000241245133153949,0.0385689939512778,-0.0659347031973322,0.0132145533299486,0.0832920948764995,-0.03466949188715,-0.0114244318572192,-0.0125882854054484,0.00292585562909378,0.0272705235543384,-0.0524969534132896,0.0524612530848666,0.0144814460409889,-0.0514196050932234,0.00409290659572614,-0.0243237324598421,0.0740151593807779,-0.0571966730741797,-0.0678424836895586,0.0544528416336911,-0.0238072175021021,-0.000593497729704892,-0.052056653794797,0.0180648044873453,0.0502030307647673,-0.140063119496359,0.0122060502222299,0.0314306989658899,-0.0236205283330814,0.00574971828244746,-0.0810905752824539,0.0757163479010354,-0.00875084765490734
2.22044604925031e-16,5.55111512312578e-17,0,0,1.73472347597681e-18,-8.67361737988404e-19,1.73472347597681e-18,-1.0842021724855e-19,0,3.46944695195361e-18,-1.30104260698261e-18,-8.67361737988404e-19,-4.77048955893622e-17,6.93889390390723e-18,0,0,-6.93889390390723e-18,0,0,1.38777878078145e-17,4.70950318673391e-19,6.93889390390723e-18,3.46944695195361e-17,2.77555756156289e-17,0.666777757590056,-0.0479534844796162,-0.0812596963542269,0.086135129467698,-0.00976837213159885,0.013549419606823,-0.060873710506849,-0.0369261882111157,0.0461873685046966,-0.0610049400460083,0.00232900449419706,0.0403896256916071,-0.029262783898754,0.00941561051458243,-0.0619923567214456,0.0409790048334517,-0.000703009246485571,-0.0413870618719696,0.0467330168385067,-0.00960778781241832,0.00502021803479976,-0.0127562841736676,0.00253997915128736,0.0695250556577236,-0.0603226922025681,0.0428953198363766,0.0002069891603448,-0.00706716822902168,0.0170389309672684,-0.0683864293859535,0.00628783531845632,0.0277227802661144,-0.0630555605876902,0.0474513068821451,-0.00420391572367907,0.0406821799444713,-0.0229893459001249,-0.0542032841500028,0.0251603493402039,-0.0227011579644627
-1.38777878078145e-16,1.38777878078145e-17,8.67361737988404e-19,-1.73472347597681e-18,8.67361737988404e-19,2.60208521396521e-18,-1.73472347597681e-18,0,-2.16840434497101e-19,-1.73472347597681e-18,5.20417042793042e-18,-1.73472347597681e-18,-1.38777878078145e-17,0,6.93889390390723e-18,1.38777878078145e-17,3.46944695195361e-18,3.46944695195361e-18,-1.38777878078145e-17,-5.52943107967607e-18,-6.93889390390723e-18,-1.04083408558608e-17,6.93889390390723e-18,0,2.77555756156289e-17,-0.685745005605244,0.0205692392644181,0.0346643903293273,-0.0593927711372256,0.00939312880311859,0.0114882151629829,0.0275167891000705,0.0220168392771531,-0.0336965135427127,0.0739946824355125,-0.0211602327102956,-0.0693590189866271,0.0226344626090934,0.00151200135373295,0.0537620381100424,-0.0703368003468239,0.0366081987567669,0.0638855383969675,-0.0383683395959167,-0.00166557683094165,-0.0293884059942841,0.00936062099315205,-0.0177893559251714,-0.0884424054305231,0.0987182605130024,0.0102979731170485,-0.0179480045145675,-0.0123847041682492,-0.0162837423822915,0.0763404963197029,-0.0611446631972292,0.0138281615617416,0.0476935984478212,-0.0532183604266899,0.0312636271491999,-0.029071521160469,0.0534816127361917,0.0381623489149202,-0.116363771131279
-3.03576608295941e-18,8.32667268468867e-17,8.67361737988404e-19,0,0,1.73472347597681e-18,1.73472347597681e-18,4.33680868994202e-19,0,8.67361737988404e-19,-4.33680868994202e-19,-1.0842021724855e-18,1.73472347597681e-18,2.77555756156289e-17,0,8.67361737988404e-19,-1.73472347597681e-17,0,1.73472347597681e-18,2.08166817117217e-17,-2.77555756156289e-17,1.38777878078145e-17,0,-1.38777878078145e-17,-1.38777878078145e-17,-6.93889390390723e-18,-1.02127948916067,0.0461528224088605,0.0501369989302687,-0.0547418863409938,0.0127289818750727,-0.0219873898566828,0.0553693541568258,-0.0318288596040104,-0.0494260353001377,0.0672625042170179,-0.000331712308545005,0.00960719317125435,-0.0474344678989154,-0.0152335781857408,0.041819952225987,-0.0766639658044966,0.00783125667752135,0.0373411073275143,-0.0224812246948439,0.0171028894393035,-0.0405610594548053,0.0353614421811348,-0.0406460204352252,-0.0360264646243334,0.0365191508640831,0.00394040723327858,0.0262268776203695,-0.0406912057814154,-0.0104577975288464,0.0891355041121332,-0.0465002827303261,-0.00804041179675198,-0.00813786417648505,0.00679216983128091,0.008450514275649,-0.0511337518798629,0.0600811299198318,0.0364832563671875
-2.22044604925031e-16,3.95516952522712e-16,-4.33680868994202e-19,0,-1.30104260698261e-18,-7.86046575051991e-19,6.50521303491303e-19,1.73472347597681e-18,5.42101086242752e-20,3.46944695195361e-18,-1.73472347597681e-18,1.15196480826585e-19,-1.30104260698261e-18,6.93889390390723e-18,-1.73472347597681e-18,-8.67361737988404e-19,0,2.86229373536173e-17,-3.46944695195361e-18,0,1.38777878078145e-17,0,0,0,1.64798730217797e-17,-6.24500451351651e-17,3.29597460435593e-17,0.931136641108535,0.00545564564876627,-0.00809689339354127,0.00486589604017091,-0.0264287967390739,0.0161221951870166,-0.0831022216961873,0.0133223623649224,0.0103257149024888,-0.0944936943013419,-0.0534648273270309,-0.00711081240571597,0.0736601379400693,-0.0495656642394341,-0.0204684191108548,0.0213636447708174,-0.00226790304269432,-0.0211402154781109,-0.0366706383820934,-0.00205651822951589,0.0590392704223261,-0.067694726327393,-0.011906101335574,0.0360290744317774,-0.0081001565905466,0.0206968748045636,-0.0651290327905902,0.0257840843375251,0.0273759511738764,-0.0323880266532061,0.0692117433873841,0.0166581142844111,0.0371128062423755,-0.0698645696530554,-0.0380373036009325,0.0493248904189165,-0.0373934380644146
0,-4.16333634234434e-17,0,-4.33680868994202e-19,-6.50521303491303e-19,1.0842021724855e-18,0,1.19262238973405e-18,-1.30104260698261e-18,-1.73472347597681e-18,-1.73472347597681e-18,0,1.30104260698261e-18,-1.73472347597681e-18,6.93889390390723e-18,0,-2.77555756156289e-17,0,1.6750923564901e-17,1.38777878078145e-17,1.38777878078145e-17,-2.77555756156289e-17,5.20417042793042e-18,-1.73472347597681e-18,0,0,1.21430643318376e-17,0,-0.0171770257374626,-0.0267654811207756,-0.0672137463643579,0.0836056644375824,-0.068521498520162,-0.0200180286788575,-0.0050082328944037,0.0110625024487882,0.0175463275957472,-0.103429249634824,0.0488424668629636,0.0599238550674649,-0.0563293959533742,-0.0190629611932124,-0.00543811837417893,0.053527919057121,-0.0528526274816057,-0.0495055055348925,0.0942068325459665,0.0249785319490532,-0.0226410250378855,0.00897535849339811,0.00936943221902564,0.0117368455645258,-0.028191444858946,-0.0355362458742942,0.0529291864391156,-0.029947086784074,0.00571440274897143,-0.00427130227738281,0.0504199473976467,-0.00355664568079297,-0.0544618790998656,0.0709405071337982,-0.0258425969387811,-0.0195519365359347
-2.77555756156289e-17,-5.55111512312578e-17,0,-8.67361737988404e-19,5.20417042793042e-18,4.06575814682064e-19,0,0,4.33680868994202e-19,1.30104260698261e-18,8.67361737988404e-19,0,-8.67361737988404e-19,4.33680868994202e-19,1.38777878078145e-17,5.20417042793042e-18,-1.38777878078145e-17,6.93889390390723e-18,-4.33680868994202e-18,5.20417042793042e-18,1.04083408558608e-17,1.38777878078145e-17,0,0,-2.77555756156289e-17,1.38777878078145e-17,1.38777878078145e-17,1.38777878078145e-17,0,0.826509416478883,-0.0123299665513066,-0.0588977238006478,0.0788644314386116,-0.00843917578093777,-0.0228933549527224,-0.022188943449833,0.0216450304621278,0.0714056918980603,-0.0579733524164514,0.0061787396592383,-0.0191225645553134,-0.0345450983694689,-0.0222601140761471,-0.0509354846225224,0.0767751224616373,-0.00110883315630675,-0.0541890400175985,0.0693391415968033,-0.0223554965788866,0.0197013436977531,-0.0512958271357368,-0.0149457575312504,0.00647280089820532,-0.0492159712702273,-0.000574922822231198,0.0243820640661953,-0.012383339724446,-0.0287121662138098,-0.0248173446865233,0.0240957648105084,-0.0427050543234285,-0.0127254057049724,0.00963934161019664,0.00387784757850153
1.11022302462516e-16,-5.55111512312578e-17,1.73472347597681e-18,0,3.46944695195361e-18,6.50521303491303e-19,-4.33680868994202e-19,0,-8.67361737988404e-19,8.67361737988404e-19,3.46944695195361e-18,-4.33680868994202e-19,8.67361737988404e-19,-1.73472347597681e-18,0,6.93889390390723e-18,-6.93889390390723e-18,0,2.77555756156289e-17,2.12503625807159e-17,3.46944695195361e-18,9.21571846612679e-19,1.04083408558608e-17,5.20417042793042e-18,-6.93889390390723e-18,1.73472347597681e-17,6.93889390390723e-18,-6.93889390390723e-18,-1.38777878078145e-17,0,0.0647842615591201,-0.00777574825604552,0.0114422679429435,-0.0549577040526196,0.0542038232913083,0.0320451403844658,-0.0401077856727865,-0.00280327437627631,0.00059963876161946,0.0405190260022603,-0.0468211113513341,0.0142066215326455,0.0493100409895883,-0.0224343868385929,0.0272325880894207,0.00482550247260291,-0.00280408163475677,0.0660848561469433,-0.0773962277900364,0.045508177615187,0.0421875946015558,-0.00089308505349308,-0.00721917000376571,-0.0296762906869258,0.0550586320005794,-0.0217295833547751,-0.0487383489041502,0.0503242364886253,-0.00878972800615824,0.00927674605518023,-0.0383135687712273,0.00882729858154994,0.0749342553940997,-0.0699035646992892
0,0,-4.33680868994202e-19,-8.94466792300541e-19,3.14418630020796e-18,-3.46944695195361e-18,6.50521303491303e-19,4.33680868994202e-19,8.67361737988404e-19,-5.42101086242752e-20,1.0842021724855e-18,0,-5.20417042793042e-18,-8.67361737988404e-19,0,0,1.38777878078145e-17,0,1.04083408558608e-17,-1.73472347597681e-17,-6.50521303491303e-18,5.20417042793042e-18,0,0,3.46944695195361e-18,-2.77555756156289e-17,-6.93889390390723e-18,0,6.93889390390723e-18,0,2.77555756156289e-17,-0.889602471121476,0.0481670232805196,-0.0466401791245806,0.0200838441146907,-0.00325857136161909,-0.00279871838307403,0.0456216940405799,-0.0259741639038005,-0.0166864441690702,-0.0154883779419443,0.0122401968663069,0.0244816696036782,-0.0754132263171126,0.0302025248987667,0.0279089681491297,-0.0277373940971012,0.0330740450904473,-0.0164399289216184,0.0491349782700665,-0.038962614513259,-0.00668825893983407,0.0878782380463041,-0.0138661802925478,-0.000131255745247239,-0.0121015309771514,-0.00633852943249848,-0.0177074075731116,-0.0446658628785816,0.0576552609527904,0.0550672101620724,-0.0399970740898082,-0.00952265380279401,0.0105327483777985
1.38777878078145e-17,-1.11022302462516e-16,1.73472347597681e-18,0,-1.73472347597681e-18,-8.67361737988404e-19,8.67361737988404e-19,0,1.73472347597681e-18,-1.73472347597681e-18,4.33680868994202e-19,0,-2.71050543121376e-19,-2.98155597433514e-18,1.73472347597681e-18,-2.60208521396521e-18,6.93889390390723e-18,1.38777878078145e-17,-2.55871712706579e-17,3.46944695195361e-18,-1.0842021724855e-18,1.38777878078145e-17,0,-1.38777878078145e-17,0,2.77555756156289e-17,-6.93889390390723e-18,6.93889390390723e-18,3.46944695195361e-18,-2.77555756156289e-17,2.77555756156289e-17,0,-0.760257372211822,0.0475650295167911,0.0140279403172919,-0.0433664726265069,0.0361421134759827,-0.0299246959253838,-0.0315194630271078,-0.00810837226712243,0.027756650245828,0.0619864413695115,-0.00730685307248025,-0.0580216146861845,0.0407814106732483,-0.0220373816631977,0.0539403794118476,-0.0255366391520109,0.000999284083054275,0.0534494129241106,-0.0166702897870149,0.0225996030282478,-0.0210270253463808,0.00710065164550501,-0.0125812695848228,-0.0568067769870033,0.0643179547511239,0.0257638887338654,-0.00900362588136037,-0.0187605748922296,-0.00172042010336254,0.0527941727401878,0.00676934948223126,0.0275682588439835
-1.30104260698261e-16,1.94289029309402e-16,2.16840434497101e-18,8.67361737988404e-19,0,0,-9.75781955236954e-19,0,1.27054942088145e-18,0,-3.46944695195361e-18,-8.67361737988404e-19,-4.33680868994202e-19,-2.49366499671666e-18,0,0,0,0,-6.93889390390723e-18,-1.38777878078145e-17,-1.56125112837913e-17,0,6.93889390390723e-18,3.46944695195361e-18,1.04083408558608e-17,0,0,-2.77555756156289e-17,-1.38777878078145e-17,-3.46944695195361e-18,0,0,2.77555756156289e-17,-0.441311368003553,-0.0120342539336611,0.019342836988891,0.0496330224647406,-0.0217254401577842,-0.0502556039103599,0.0342314896282502,-0.00744309589256737,-0.0399825126931659,-0.0307385872120811,-0.0049577484497959,0.056680353176083,-0.040491209165545,-0.0393035183131132,0.0250365726841671,0.0280128955800704,-0.00824963952997341,-0.0045158936509252,0.0640742398941521,-0.0155137314721535,-0.0256698845099834,0.0116116307852592,0.0119833948582421,-0.0183790455170652,-0.0786442914053387,0.0052584645155706,0.0708094768851527,-0.0449278318830249,-0.0122544677538657,-0.0117705240822848,0.0388600868206204
-2.77555756156289e-17,3.81639164714898e-17,-5.42101086242752e-19,-6.93889390390723e-18,0,-5.42101086242752e-19,4.33680868994202e-19,0,-2.11419423634673e-18,-4.33680868994202e-18,6.50521303491303e-19,0,-4.33680868994202e-19,2.16840434497101e-19,5.20417042793042e-18,0,8.67361737988404e-19,-8.67361737988404e-18,0,1.38777878078145e-17,1.38777878078145e-17,0,0,-7.37257477290143e-18,6.93889390390723e-18,0,6.93889390390723e-18,2.60208521396521e-18,0,-2.25514051876985e-17,0,-8.67361737988404e-18,4.16333634234434e-17,0,-0.953857692556549,0.0235134123662639,0.0391633915140098,-0.0250513830183776,-0.023581052554204,-0.0163082811332196,0.0664815368184025,-0.0585141729737179,-0.0831322649924493,0.0578978877404787,0.011107664861003,-0.00922384702328615,0.0176133798494439,0.0103509569031092,0.0655482548469225,-0.0731466853424668,0.00865983547547237,0.0626708397386648,-0.0398901575509303,-0.0188037770382494,-0.0264149578591942,0.0483702882405045,-0.0277719617233157,-0.0369016157568887,0.00395345466873664,-0.0205958632867384,0.00839965382190522,-0.0134839487898968,-0.00769727981101094,0.0287756029249688
0,-2.77555756156289e-17,8.67361737988404e-19,-4.33680868994202e-19,-3.25260651745651e-19,6.50521303491303e-19,-4.33680868994202e-19,-5.36680075380325e-18,0,-8.67361737988404e-19,1.30104260698261e-18,8.67361737988404e-19,6.50521303491303e-19,-3.46944695195361e-18,-3.46944695195361e-18,-8.67361737988404e-19,-3.46944695195361e-18,1.38777878078145e-17,1.38777878078145e-17,-3.12250225675825e-17,2.77555756156289e-17,-1.38777878078145e-17,5.55111512312578e-17,1.51788304147971e-17,0,2.77555756156289e-17,-6.93889390390723e-18,1.38777878078145e-17,-5.20417042793042e-18,-1.38777878078145e-17,0,1.12757025938492e-17,0,0,-8.6465123255719e-18,0.780948624650709,-0.0188834923926101,-0.00683438289448262,-0.00520383148362868,0.0194952459906961,-0.00775268536945385,-0.0785070487630838,0.0203371247043931,0.00800630300251022,0.00374233783125662,0.00412112973856005,-0.0205302635401678,0.0360263717101005,-0.0256142479950517,-0.0429593626086596,0.0241846912807742,0.0132848748035626,0.0197566263863427,-0.0205033892378786,0.023856828004826,0.0470267956607578,-0.0375803505966608,0.0262051633164823,-0.0192998847890886,0.00615662820669563,-0.0140169084903725,-0.0343381694113603,0.0638506446179468,0.0121586978352774
2.22044604925031e-16,5.55111512312578e-17,0,-1.73472347597681e-18,0,-3.25260651745651e-19,0,-2.16840434497101e-19,-1.11130722679764e-18,0,4.33680868994202e-19,0,4.33680868994202e-19,8.67361737988404e-19,-6.93889390390723e-18,0,-5.28548559086683e-19,2.60208521396521e-18,-2.77555756156289e-17,1.73472347597681e-18,0,2.08166817117217e-17,-1.38777878078145e-17,0,1.38777878078145e-17,0,3.46944695195361e-18,-3.46944695195361e-18,-6.50521303491303e-18,-2.77555756156289e-17,-1.2793585635329e-17,0,1.38777878078145e-17,0,-1.30104260698261e-17,2.77555756156289e-17,-0.375220011918114,0.0152238163147192,0.00810023989360681,-0.0430083722858924,0.0183299319858222,0.0214521363689564,0.00454184596965483,0.00273313915920995,0.0108686611938976,0.0509221443542202,-0.0391712209133153,-0.0492737883348541,0.0275026804432288,-0.0516733176317292,0.0242684842398506,-0.026675996046661,0.0430130612896495,0.0700996979430804,-0.0278204578103458,0.0315794763234462,0.0209428409723795,0.00642073878290005,-0.0266872922159466,-0.0116708081040255,0.112185265376294,-0.00161228619229362,-0.0106444230350325,0.0358811323442337
-5.55111512312578e-17,2.77555756156289e-17,-3.46944695195361e-18,-1.73472347597681e-18,3.46944695195361e-18,4.33680868994202e-18,2.16840434497101e-19,8.67361737988404e-19,-8.67361737988404e-19,1.73472347597681e-18,0,-1.89735380184963e-19,-3.46944695195361e-18,1.73472347597681e-18,0,0,8.67361737988404e-19,-2.01932654625425e-18,-6.93889390390723e-18,2.16840434497101e-17,4.16333634234434e-17,-9.97465998686664e-18,0,-2.77555756156289e-17,-2.77555756156289e-17,0,2.08166817117217e-17,-1.38777878078145e-17,6.93889390390723e-18,2.08166817117217e-17,-4.87890977618477e-18,-2.77555756156289e-17,8.67361737988404e-18,0,1.38777878078145e-17,0,3.46944695195361e-18,0.220306589984198,-0.0323710752210353,-0.0269429974579972,-0.00473293639473013,-0.0176969478179863,-0.0466951637196291,-0.027355276419409,0.011123389988721,0.0353152116203696,-0.0103180246108684,0.00863661844150566,0.0436894231681473,-0.0161014340312001,-0.0256615272862985,-0.00457120970886209,0.0465817345910487,0.00467472212862161,-0.0503263622631998,0.00525151609334152,-0.022694141864373,-0.0415834044005714,-0.000171902384839016,0.0059297225170201,0.0206075735345264,-0.0196884750505443,0.028248372504467,0.0285572556968498
5.55111512312578e-17,1.11022302462516e-16,-5.20417042793042e-18,5.96311194867027e-19,8.67361737988404e-19,0,3.46944695195361e-18,-1.73472347597681e-18,3.46944695195361e-18,-1.30104260698261e-18,0,-1.30104260698261e-18,4.33680868994202e-18,-6.50521303491303e-19,8.67361737988404e-19,1.73472347597681e-18,0,-2.05998412772246e-18,0,6.93889390390723e-18,6.50521303491303e-18,2.60208521396521e-18,6.93889390390723e-18,6.93889390390723e-18,0,-5.55111512312578e-17,-2.86229373536173e-17,-2.77555756156289e-17,0,-3.81639164714898e-17,0,-2.77555756156289e-17,-4.16333634234434e-17,2.77555756156289e-17,0,-2.77555756156289e-17,-2.77555756156289e-17,0,1.01979321197457,-0.0520132984234663,-0.00605240990599041,0.016133049148537,0.0382163362226763,0.0249915791213285,-0.0200884823085605,0.0404220675781768,0.0483643183968603,0.00268224577766662,-0.0272943841735467,-0.00268965831407378,0.0346405928905807,-0.0571548490270621,-0.0309937320743886,0.0173760003984156,-0.0145907932001015,0.0161928174822775,-0.0468825411598945,0.012265502319777,0.0146771390501907,-0.038743056017269,-0.00415721499575778,0.0223087526093278,-0.0240984270504748,0.0119114803174669
5.55111512312578e-17,2.77555756156289e-16,0,1.73472347597681e-18,0,0,1.95156391047391e-18,1.51788304147971e-18,-2.60208521396521e-18,-6.50521303491303e-19,-8.67361737988404e-19,0,8.67361737988404e-19,0,0,0,-1.62630325872826e-19,2.16840434497101e-19,-8.67361737988404e-19,6.93889390390723e-18,3.29597460435593e-17,1.04083408558608e-17,6.93889390390723e-18,0,0,1.43114686768087e-17,0,1.06251812903579e-17,-3.46944695195361e-18,1.38777878078145e-17,6.93889390390723e-18,6.93889390390723e-18,-2.77555756156289e-17,-6.93889390390723e-18,-1.38777878078145e-17,-2.25514051876985e-17,-2.08166817117217e-17,1.38777878078145e-17,6.93889390390723e-18,-0.892445920414873,0.0470136415622265,0.0268337855549691,-0.0167620396269818,0.0322170430213151,-0.0396067351221807,0.0294058347766372,-0.00616790563448279,-0.0409271790882995,0.0323838193131344,-0.0459988153575351,0.024925119417358,-0.00878536916562027,0.0018988113424757,0.0179624190231453,-0.0226896907862767,0.0037515964584432,0.0387719148453784,-0.0343426659540577,0.0311192116383963,0.002586241852038,0.0532369926845522,-0.0280136715419984,-0.0361096489766624,0.039795794756021
7.45931094670027e-17,-2.34187669256869e-17,1.25360876193636e-18,1.62630325872826e-19,0,0,-1.40946282423116e-18,1.19262238973405e-18,-1.30104260698261e-18,-4.33680868994202e-19,1.73472347597681e-18,2.60208521396521e-18,3.46944695195361e-18,-8.67361737988404e-19,0,4.33680868994202e-19,0,0,1.73472347597681e-18,-4.87890977618477e-19,6.93889390390723e-18,-3.03576608295941e-17,-1.38777878078145e-17,-1.73472347597681e-18,0,-4.06575814682064e-19,6.93889390390723e-18,2.77555756156289e-17,0,-8.67361737988404e-18,0,-5.55111512312578e-17,0,-1.38777878078145e-17,-2.77555756156289e-17,-6.93889390390723e-18,2.42861286636753e-17,-5.55111512312578e-17,-1.38777878078145e-17,0,0.990316980642405,0.008017986356704,-0.0519605811726824,0.0054795092274085,-0.0101109564568962,0.0253289065526694,-0.0495293254543736,-0.0216454869033267,0.0026945909433266,-0.0287332578756445,-0.0254469003255885,0.0263764876225772,-0.00224594797269327,0.0187791041263973,-0.0392402972735938,0.0535167109863765,-0.035435480087651,-0.0540136992812063,0.0375920652794074,0.00357810950900816,0.0372423524893687,-0.0775512309061971,-0.0149609865595206,0.0514810241765802
-2.60208521396521e-18,3.33066907387547e-16,0,-2.60208521396521e-18,-1.73472347597681e-18,-6.93889390390723e-18,-8.67361737988404e-19,8.67361737988404e-19,-4.33680868994202e-19,0,-3.46944695195361e-18,-8.67361737988404e-19,-4.33680868994202e-19,-3.79470760369927e-19,4.33680868994202e-19,-1.0842021724855e-19,1.73472347597681e-18,1.73472347597681e-18,-1.51788304147971e-18,4.33680868994202e-19,3.46944695195361e-18,0,-4.16333634234434e-17,0,0,0,-1.38777878078145e-17,-6.93889390390723e-18,-5.89805981832114e-17,-1.04083408558608e-17,-4.16333634234434e-17,1.90819582357449e-17,6.93889390390723e-18,-6.93889390390723e-18,3.46944695195361e-18,-2.77555756156289e-17,-1.38777878078145e-17,-2.08166817117217e-17,5.55111512312578e-17,-1.38777878078145e-17,3.46944695195361e-18,1.00525153772545,-0.00935152311795969,-0.00108392599433535,0.0258531195063382,-0.0310048508393761,-0.0260372333439596,-0.00441086244467486,0.00982964223308597,0.0425950254167258,-0.0339444773855272,-0.00189296946379855,-0.0427423154925751,0.0219143512347467,0.0198242748051615,-0.0457182067683062,0.0149565332736413,-0.0136059680200798,-0.0239206301177764,0.00757548891983141,0.00830048300262678,0.0356988480705032,-0.00831594706605865,-0.00995309785302717
-5.55111512312578e-17,2.77555756156289e-17,0,-8.67361737988404e-19,1.73472347597681e-18,4.33680868994202e-19,4.33680868994202e-19,8.67361737988404e-19,0,-1.0842021724855e-19,1.73472347597681e-18,-3.25260651745651e-19,6.93889390390723e-18,-3.46944695195361e-18,0,-2.60208521396521e-18,0,-8.67361737988404e-19,0,0,-4.33680868994202e-19,6.93889390390723e-18,3.46944695195361e-18,0,3.81639164714898e-17,0,3.46944695195361e-18,-2.77555756156289e-17,2.08166817117217e-17,-2.77555756156289e-17,-2.77555756156289e-17,-1.38777878078145e-17,-8.67361737988404e-19,2.77555756156289e-17,-5.55111512312578e-17,0,0,0,0,0,0,0,-0.656283479105278,0.00647635831913067,-0.0290309907428478,0.0361661384735613,-0.0343397737965201,-0.0138045933221995,0.0464725501588955,-0.00958037056629613,-0.0176636304219803,-0.00779571191587413,-1.5816576160108e-05,0.0460651250922557,-0.0216835774522459,-0.00504186363386641,-0.00443171948876967,-0.010635543105986,-0.000837309469514405,-0.0105152086185895,0.054208976031504,0.0107284722399889,-0.0262227903478572,0.0189585950353856
1.11022302462516e-16,-2.77555756156289e-17,-8.67361737988404e-19,0,3.46944695195361e-18,9.21571846612679e-19,1.30104260698261e-18,0,1.51788304147971e-18,8.67361737988404e-19,1.73472347597681e-18,0,-2.71050543121376e-20,0,3.46944695195361e-18,0,0,0,-8.13151629364128e-20,-5.42101086242752e-18,0,6.93889390390723e-18,1.38777878078145e-17,0,1.73472347597681e-18,0,0,-1.73472347597681e-18,0,6.93889390390723e-18,-4.33680868994202e-19,1.21430643318376e-17,0,-3.46944695195361e-18,3.46944695195361e-18,0,6.93889390390723e-18,1.0842021724855e-17,2.77555756156289e-17,3.46944695195361e-18,-9.32413868337534e-18,1.38777878078145e-17,-1.73472347597681e-17,-0.0850852264366535,-0.0291557629063096,-0.0426917978759708,0.0459361842310488,-0.00753802917843883,-0.00654119774100564,-0.00139865441830377,0.00523779009891405,0.0295360948548339,-0.00580241578327183,-0.0139122403625851,0.0400745612255178,-0.0223111350436287,0.0197022948082408,-0.0351957731871052,0.00117230572933312,0.0154544914422895,-0.0398725280702849,0.0499012923445583,-0.0659595908431754,-0.0265710788469771
0,0,1.30104260698261e-18,1.73472347597681e-18,-4.74338450462408e-19,-4.33680868994202e-19,-3.46944695195361e-18,0,1.73472347597681e-18,0,0,0,0,3.46944695195361e-18,7.04731412115578e-19,1.30104260698261e-18,-4.33680868994202e-19,0,2.16840434497101e-18,0,1.73472347597681e-18,2.16840434497101e-19,6.93889390390723e-18,6.93889390390723e-18,0,0,-2.77555756156289e-17,8.23993651088983e-18,-5.55111512312578e-17,0,-3.46944695195361e-17,-1.38777878078145e-17,-1.04083408558608e-17,2.77555756156289e-17,0,-5.55111512312578e-17,-2.77555756156289e-17,5.55111512312578e-17,-1.38777878078145e-17,1.38777878078145e-17,-3.46944695195361e-18,-1.90819582357449e-17,0,-3.46944695195361e-18,0.618131157470546,-0.0265759644388268,-0.00308853959346599,0.0392531668804862,-0.000825463980477753,-0.0236491217711437,-0.0430033726317552,0.00462444850688453,0.0554003597714167,-0.0840178355276947,-0.00815973608180878,0.00391992704183043,-0.0401735693944663,0.00528221619011452,-0.00601287471974711,0.037271578793602,-0.0203019070116799,-0.0349460088549517,0.0265869304848604,0.00259530372124468
3.33066907387547e-16,-1.66533453693773e-16,2.71050543121376e-20,4.33680868994202e-19,2.16840434497101e-19,0,-2.16840434497101e-19,-2.60208521396521e-18,0,1.75589929965816e-18,0,-2.16840434497101e-18,8.67361737988404e-19,-4.33680868994202e-19,3.46944695195361e-18,1.73472347597681e-18,-2.16840434497101e-19,3.25260651745651e-19,-2.16840434497101e-19,0,-1.73472347597681e-18,0,7.80625564189563e-18,3.46944695195361e-18,-2.77555756156289e-17,0,1.04083408558608e-17,1.04083408558608e-17,0,1.38777878078145e-17,6.93889390390723e-18,0,-1.38777878078145e-17,0,-1.38777878078145e-17,6.93889390390723e-18,-6.93889390390723e-18,-2.77555756156289e-17,3.46944695195361e-18,0,0,5.20417042793042e-18,3.46944695195361e-18,1.38777878078145e-17,5.55111512312578e-17,1.00029351438615,0.00161332452748636,0.0204062565644508,-0.00686936211341337,-0.0310470948042127,0.005560907825114,-0.0807159827428031,-0.0215598471924966,0.0225327298068002,-0.0670508403105329,0.0105183320510269,-0.00698229236090551,-0.00837631047593211,-0.0129095183633634,-0.0533921978259728,0.0669690984180154,-0.0153696465841302,0.0146065756116672,-0.00721238210667977
-2.77555756156289e-17,0,-3.3881317890172e-20,8.40256683676266e-19,-4.33680868994202e-19,0,5.20417042793042e-18,-3.79470760369927e-19,4.87890977618477e-19,0,-3.25260651745651e-19,-8.67361737988404e-19,-1.73472347597681e-18,-8.67361737988404e-19,4.33680868994202e-19,-4.33680868994202e-19,0,8.67361737988404e-19,1.73472347597681e-18,0,-1.73472347597681e-18,-2.16840434497101e-19,1.30104260698261e-18,-3.46944695195361e-18,0,2.08166817117217e-17,0,1.38777878078145e-17,0,-6.93889390390723e-18,0,1.0842021724855e-18,6.93889390390723e-18,2.08166817117217e-17,2.77555756156289e-17,2.77555756156289e-17,6.93889390390723e-18,0,6.93889390390723e-18,-2.77555756156289e-17,0,0,-1.04083408558608e-17,0,-4.33680868994202e-19,3.12250225675825e-17,-0.953854458841367,-0.00929879594298256,-0.0140452076569839,-0.0324891742319456,-0.0291571647752267,0.00371132745655404,0.0243204665591726,-0.0380697245938598,-0.0350609828854125,-0.000145677274197803,-0.00237155797798712,-0.00292537035131917,-0.0749838668808301,-0.0265880252160866,0.00135292598486094,-0.0135612743113087,0.0166364514468823,-0.00271452053432097
-6.93889390390723e-18,0,0,-1.73472347597681e-18,-3.46944695195361e-18,-4.33680868994202e-19,5.96311194867027e-19,9.35124373768748e-19,-1.73472347597681e-18,1.73472347597681e-18,8.67361737988404e-19,-1.73472347597681e-18,8.67361737988404e-19,-6.50521303491303e-19,1.73472347597681e-18,0,-1.73472347597681e-18,8.67361737988404e-19,0,0,0,4.33680868994202e-19,1.73472347597681e-18,-6.93889390390723e-18,-2.77555756156289e-17,1.12757025938492e-17,1.38777878078145e-17,6.93889390390723e-18,0,1.38777878078145e-17,0,2.60208521396521e-17,-1.38777878078145e-17,1.38777878078145e-17,2.16840434497101e-18,0,2.08166817117217e-17,2.77555756156289e-17,-6.93889390390723e-18,0,-3.46944695195361e-18,2.42861286636753e-17,-6.24500451351651e-17,0,2.77555756156289e-17,2.77555756156289e-17,1.73472347597681e-17,0.250434092312927,-0.000908382517927939,-0.00815554004958023,0.0334389972362891,-0.0339451248179862,-0.00419955932791063,0.0475192394413927,0.00216437226031421,0.0462985619501199,-0.018582899234316,0.0198901810902226,0.0042897725196449,-0.043254515106531,-0.0231676874861205,0.0131102121397744,-0.00383760884995463,-0.0116846454098835
4.16333634234434e-16,5.72458747072346e-17,-4.33680868994202e-18,-1.95156391047391e-18,1.73472347597681e-18,0,1.30104260698261e-18,-2.60208521396521e-18,0,0,1.73472347597681e-18,0,1.95156391047391e-18,4.33680868994202e-19,0,1.17906986257799e-18,8.67361737988404e-19,-1.73472347597681e-18,6.50521303491303e-19,0,0,-1.0842021724855e-19,-8.67361737988404e-19,4.33680868994202e-19,-3.46944695195361e-18,2.08166817117217e-17,1.77809156287623e-17,0,-1.38777878078145e-17,1.38777878078145e-17,-6.93889390390723e-18,1.25767452008319e-17,2.77555756156289e-17,-6.93889390390723e-18,3.46944695195361e-18,-2.77555756156289e-17,2.08166817117217e-17,-3.90312782094782e-18,2.77555756156289e-17,2.77555756156289e-17,6.24500451351651e-17,-2.77555756156289e-17,1.38777878078145e-17,0,5.55111512312578e-17,0,0,2.77555756156289e-17,-1.03890421203625,0.0244701165074223,0.00155607937772053,0.00604566513883804,-0.0232355059383239,-0.0218163889254579,0.036705845021731,0.0273108934755415,-0.0269747050276329,0.0838371841044538,-0.00776840890257809,0.00238468022734088,-0.0044001070434582,0.00892421892302652,0.100918870794856,-0.0427385052314691
0,2.42861286636753e-17,-6.50521303491303e-19,0,0,0,8.67361737988404e-19,6.50521303491303e-19,-1.73472347597681e-18,8.67361737988404e-19,1.30104260698261e-18,-1.30104260698261e-18,1.0842021724855e-18,0,0,-8.67361737988404e-19,0,-3.03576608295941e-18,0,1.30104260698261e-18,1.73472347597681e-18,-8.67361737988404e-19,0,0,5.20417042793042e-18,-1.73472347597681e-17,0,6.24500451351651e-17,-2.77555756156289e-17,3.46944695195361e-17,-6.93889390390723e-18,0,0,2.77555756156289e-17,3.12250225675825e-17,-5.20417042793042e-18,-6.93889390390723e-18,0,-8.67361737988404e-19,4.16333634234434e-17,-6.93889390390723e-17,-1.38777878078145e-17,-1.73472347597681e-18,-1.60461921527855e-17,6.93889390390723e-18,-6.93889390390723e-18,-2.77555756156289e-17,-3.25260651745651e-18,-3.92481186439753e-17,0.211471112659397,0.0151508742715974,0.014288697897153,-0.0607792972614539,-0.00213216532439107,-0.00641030419002616,-0.0296389060795149,0.0135465481959413,0.00851592992239591,0.0222648506551394,0.0045321602653445,-0.0149363533675379,0.0560072123699325,0.0146012508910158,0.0186704585656452
-2.77555756156289e-17,5.55111512312578e-17,0,-1.73472347597681e-18,2.60208521396521e-18,0,-8.67361737988404e-19,4.33680868994202e-19,-1.73472347597681e-18,0,4.33680868994202e-18,-4.33680868994202e-19,3.25260651745651e-19,0,-8.67361737988404e-19,1.73472347597681e-18,-1.0842021724855e-19,-8.67361737988404e-19,-8.67361737988404e-19,0,1.73472347597681e-18,0,4.33680868994202e-19,-1.73472347597681e-18,0,-5.55111512312578e-17,1.38777878078145e-17,1.04083408558608e-17,0,-2.42861286636753e-17,0,0,1.38777878078145e-17,0,0,-2.08166817117217e-17,1.38777878078145e-17,-3.98986399474666e-17,0,1.38777878078145e-17,1.38777878078145e-17,-2.61292723569007e-17,-6.93889390390723e-18,8.02309607639273e-18,-6.93889390390723e-18,5.55111512312578e-17,0,-1.56125112837913e-17,-4.16333634234434e-17,1.73472347597681e-18,0.465829438666211,0.0153254562556407,-0.01781335083902,0.0264849180673002,-0.00669549357808961,-0.0116208945555749,-0.0103551450973,-0.0172109983618871,0.0184001566804768,-0.0423178686786148,0.0171448011963983,0.00140615113428806,-0.00964236090937343,-0.0733822265349048
0,-5.55111512312578e-17,-3.46944695195361e-18,-6.50521303491303e-19,-8.67361737988404e-19,2.16840434497101e-19,-8.67361737988404e-19,-9.21571846612679e-19,1.24683249835833e-18,2.60208521396521e-18,-2.16840434497101e-19,0,-1.73472347597681e-18,0,0,-1.13841228110978e-18,0,0,0,-8.67361737988404e-19,-8.67361737988404e-19,4.33680868994202e-19,-4.33680868994202e-19,4.33680868994202e-19,0,-1.73472347597681e-18,2.77555756156289e-17,6.93889390390723e-18,2.77555756156289e-17,6.93889390390723e-18,-6.93889390390723e-18,1.73472347597681e-18,0,3.46944695195361e-18,2.77555756156289e-17,2.77555756156289e-17,-4.16333634234434e-17,-6.93889390390723e-18,-1.38777878078145e-17,6.93889390390723e-18,0,-2.77555756156289e-17,-1.38777878078145e-17,-3.12250225675825e-17,-5.20417042793042e-18,0,0,2.08166817117217e-17,-1.38777878078145e-17,0,-5.55111512312578e-17,0.930226794413712,-0.0189243507375622,0.0255036241639039,0.0214755347256234,-0.00667717979732692,0.0149867803218808,-0.0173392914390584,0.0145705257101221,0.00476637720945046,-0.0130375919004705,0.00605568537834677,0.00042451674700613,0.0248382376499249
0,1.38777878078145e-17,5.42101086242752e-19,3.46944695195361e-18,8.67361737988404e-19,-1.73472347597681e-18,0,-4.33680868994202e-19,4.33680868994202e-19,1.30104260698261e-18,2.60208521396521e-18,-4.33680868994202e-19,0,8.67361737988404e-19,1.30104260698261e-18,0,-8.67361737988404e-19,0,-1.73472347597681e-18,2.77487993520509e-18,2.60208521396521e-18,-4.87890977618477e-19,0,-4.33680868994202e-19,4.33680868994202e-19,-1.73472347597681e-18,-8.67361737988404e-19,-2.77555756156289e-17,-1.90819582357449e-17,8.67361737988404e-19,5.96311194867027e-18,0,4.33680868994202e-18,0,0,-6.93889390390723e-18,0,-3.46944695195361e-17,0,3.46944695195361e-18,-1.38777878078145e-17,0,-5.63785129692462e-18,-1.38777878078145e-17,-3.81639164714898e-17,-2.77555756156289e-17,1.11022302462516e-16,-1.38777878078145e-17,-6.93889390390723e-18,0,0,-2.77555756156289e-17,0.983637365780428,-0.0317013461171064,-0.00516841678411423,0.0104920740960244,0.0271900671252381,0.0245874664402448,-0.0539006900503093,0.0137250080292632,0.0228326888787856,-0.0245019055314799,0.00279028734902034,-0.0132735016372909
0,1.11022302462516e-16,-1.73472347597681e-18,0,-2.03287907341032e-19,-3.46944695195361e-18,-1.30104260698261e-18,0,-4.33680868994202e-19,-2.16840434497101e-19,7.58941520739853e-19,-6.50521303491303e-19,-2.60208521396521e-18,-8.67361737988404e-19,0,0,0,-9.0801931945661e-19,0,0,2.16840434497101e-19,-4.33680868994202e-19,0,-3.46944695195361e-18,5.20417042793042e-18,6.50521303491303e-19,1.73472347597681e-18,-2.08166817117217e-17,1.38777878078145e-17,0,0,6.93889390390723e-18,1.38777878078145e-17,2.42861286636753e-17,0,1.38777878078145e-17,1.38777878078145e-17,-1.77809156287623e-17,3.46944695195361e-18,1.04083408558608e-17,1.04083408558608e-17,0,3.46944695195361e-18,1.38777878078145e-17,-3.46944695195361e-18,1.73472347597681e-17,2.66713734431434e-17,2.08166817117217e-17,4.16333634234434e-17,0,-2.77555756156289e-17,0,1.38777878078145e-17,-0.213255379742148,-0.0249718437650638,-0.0146933474892134,0.0104535851127122,-0.0166776881565725,-0.010438045596511,-0.00433256676802448,-0.0196948441701628,0.0119257733810305,-0.0153469767296294,0.0336705779687535
1.2490009027033e-16,5.55111512312578e-17,1.73472347597681e-18,0,6.50521303491303e-19,-7.58941520739853e-19,-4.33680868994202e-19,4.33680868994202e-19,3.05609487369352e-18,3.46944695195361e-18,0,-8.13151629364128e-20,8.67361737988404e-19,0,0,0,8.67361737988404e-19,0,-8.67361737988404e-19,-3.46944695195361e-18,8.67361737988404e-19,-5.42101086242752e-20,-1.73472347597681e-18,-7.58941520739853e-19,4.33680868994202e-19,3.90312782094782e-18,4.33680868994202e-19,6.93889390390723e-18,-2.77555756156289e-17,-3.46944695195361e-18,-3.46944695195361e-18,-1.38777878078145e-17,-3.46944695195361e-18,0,-4.33680868994202e-17,0,-1.73472347597681e-18,-1.38777878078145e-17,-3.46944695195361e-18,2.77555756156289e-17,0,0,0,5.55111512312578e-17,2.77555756156289e-17,0,0,-2.77555756156289e-17,2.08166817117217e-17,4.16333634234434e-17,6.93889390390723e-18,3.46944695195361e-18,-5.55111512312578e-17,2.77555756156289e-17,-0.958384788202391,-0.0392458915236793,-0.02915822601605,0.0248568077893882,-0.00638227270004276,-0.00803015245749747,0.0408173608889269,-0.0110346798063142,-0.0462901850490369,0.0287304584706058
2.77555756156289e-17,9.97465998686664e-18,-8.67361737988404e-19,0,9.62229428080885e-19,0,-2.00577401909818e-18,0,-1.0842021724855e-19,0,0,0,-2.60208521396521e-18,2.16840434497101e-19,-8.67361737988404e-19,-7.58941520739853e-19,0,8.67361737988404e-19,1.73472347597681e-18,-1.73472347597681e-18,-2.16840434497101e-19,0,-8.67361737988404e-19,-8.67361737988404e-19,5.42101086242752e-19,-3.25260651745651e-19,-1.0842021724855e-19,-1.04083408558608e-17,-3.46944695195361e-18,-2.92734586571086e-18,-1.38777878078145e-17,-2.77555756156289e-17,0,-2.77555756156289e-17,-8.67361737988404e-18,0,2.77555756156289e-17,-6.93889390390723e-18,-1.38777878078145e-17,-2.77555756156289e-17,-2.08166817117217e-17,0,1.38777878078145e-17,1.38777878078145e-17,2.69966340948891e-17,-1.38777878078145e-17,-6.93889390390723e-18,2.29850860566927e-17,1.38777878078145e-17,0,-1.73472347597681e-18,-2.16840434497101e-17,4.77048955893622e-17,-2.77555756156289e-17,1.21430643318376e-17,-0.232803910166377,-0.0028139564873006,0.00204265272579912,-0.0242307582446169,0.00241602968002474,0.0187898633695583,-0.0462797945995194,-0.0248975303195537,-0.00264307879145762
1.66533453693773e-16,0,-1.73472347597681e-18,5.20417042793042e-18,4.33680868994202e-19,-2.16840434497101e-19,-5.58364118830035e-18,-2.60208521396521e-18,0,0,8.67361737988404e-19,0,-2.16840434497101e-19,-6.50521303491303e-19,0,0,3.46944695195361e-18,0,1.20617491689012e-18,0,-3.25260651745651e-19,1.73472347597681e-18,0,-2.16840434497101e-19,-1.73472347597681e-18,0,0,-2.60208521396521e-18,1.38777878078145e-17,-3.46944695195361e-18,-1.0842021724855e-18,-3.46944695195361e-18,-1.38777878078145e-17,-3.96817995129695e-17,0,0,4.85722573273506e-17,1.38777878078145e-17,1.38777878078145e-17,-3.81639164714898e-17,8.67361737988404e-18,2.77555756156289e-17,0,0,-1.90819582357449e-17,6.93889390390723e-18,2.77555756156289e-17,1.38777878078145e-17,0,-8.32667268468867e-17,-2.08166817117217e-17,0,-2.77555756156289e-17,0,4.85722573273506e-17,-5.55111512312578e-17,0.999089623012854,-0.00060248760609688,-0.0745014847344166,-0.0108135964234583,0.00530081642567257,0.0427492679573965,0.00857517977790473,-0.0205254115844017
-1.11022302462516e-16,0,-3.46944695195361e-18,-3.25260651745651e-19,-4.33680868994202e-19,2.16840434497101e-19,-1.73472347597681e-18,2.16840434497101e-18,-1.73472347597681e-18,-4.87890977618477e-19,3.46944695195361e-18,-1.73472347597681e-18,1.89735380184963e-18,8.67361737988404e-19,1.73472347597681e-18,-4.33680868994202e-19,-5.42101086242752e-20,0,0,3.03576608295941e-18,8.67361737988404e-19,2.92734586571086e-18,1.0842021724855e-19,0,0,3.46944695195361e-18,-2.71050543121376e-20,2.16840434497101e-19,6.93889390390723e-18,-6.93889390390723e-18,1.73472347597681e-18,1.38777878078145e-17,-6.93889390390723e-18,-1.73472347597681e-17,6.93889390390723e-18,0,2.20093041014557e-17,-3.8597597340484e-17,-1.73472347597681e-18,-1.12757025938492e-17,4.33680868994202e-19,1.21430643318376e-17,0,-6.93889390390723e-18,4.16333634234434e-17,0,5.55111512312578e-17,-2.08166817117217e-17,-1.04083408558608e-17,-2.77555756156289e-17,0,0,1.73472347597681e-17,0,0,-8.50014503228635e-17,-4.16333634234434e-17,-0.419487936897478,-0.0158667771541048,0.0181103019970869,-0.044317645630397,-0.0235197197120211,-0.00858695153170876,-0.0187343725768128
0,-2.77555756156289e-17,1.73472347597681e-18,-1.40946282423116e-18,0,-8.67361737988404e-19,-8.67361737988404e-19,1.73472347597681e-18,-1.73472347597681e-18,-8.67361737988404e-19,-4.33680868994202e-19,0,-8.67361737988404e-19,-1.73472347597681e-18,-8.67361737988404e-19,1.0842021724855e-18,0,-1.73472347597681e-18,0,3.03576608295941e-18,-2.60208521396521e-18,-1.73472347597681e-18,1.73472347597681e-18,-1.30104260698261e-18,2.03287907341032e-20,0,0,0,4.33680868994202e-19,0,-2.77555756156289e-17,-2.77555756156289e-17,0,-2.08166817117217e-17,1.38777878078145e-17,-6.93889390390723e-18,6.93889390390723e-18,-2.08166817117217e-17,-2.77555756156289e-17,1.73472347597681e-18,-6.93889390390723e-18,6.93889390390723e-18,-3.46944695195361e-18,1.30104260698261e-17,2.08166817117217e-17,-1.38777878078145e-17,-4.64038529823796e-17,-3.46944695195361e-18,1.38777878078145e-17,-2.77555756156289e-17,-2.77555756156289e-17,3.46944695195361e-18,-2.51534904016637e-17,0,1.38777878078145e-17,2.77555756156289e-17,0,-1.38777878078145e-17,0.177060862629214,0.0119456103501257,-0.0446055535374472,0.0659395743825916,0.00673941430025431,-0.00794142225733585
-5.55111512312578e-17,5.55111512312578e-17,1.73472347597681e-18,0,3.46944695195361e-18,3.46944695195361e-18,0,-8.67361737988404e-19,-5.20417042793042e-18,0,0,0,0,1.35525271560688e-19,4.33680868994202e-19,-8.67361737988404e-19,1.73472347597681e-18,1.73472347597681e-18,1.73472347597681e-18,8.67361737988404e-19,-8.67361737988404e-19,3.03576608295941e-18,0,-3.46944695195361e-18,2.60208521396521e-18,-1.73472347597681e-18,-8.67361737988404e-19,2.16840434497101e-18,-4.33680868994202e-18,-3.46944695195361e-18,4.16333634234434e-17,-1.38777878078145e-17,6.24500451351651e-17,5.55111512312578e-17,0,-2.77555756156289e-17,0,0,-2.77555756156289e-17,-1.21430643318376e-17,0,1.38777878078145e-17,3.46944695195361e-17,0,1.38777878078145e-17,0,0,-3.42607886505419e-17,-5.55111512312578e-17,0,-1.38777878078145e-17,5.55111512312578e-17,3.46944695195361e-18,1.38777878078145e-17,-1.38777878078145e-17,-2.77555756156289e-17,0,0,6.93889390390723e-18,0.801421944078724,-0.0249498640094047,-0.00813163895704183,0.0105199753713923,0.0102795231610546
-5.55111512312578e-17,1.66533453693773e-16,0,0,4.33680868994202e-19,2.16840434497101e-19,0,1.30104260698261e-18,5.96311194867027e-19,1.73472347597681e-18,1.35525271560688e-18,4.33680868994202e-19,8.67361737988404e-19,0,-4.33680868994202e-19,0,4.77048955893622e-18,-7.04731412115578e-19,-2.00577401909818e-18,-8.67361737988404e-19,0,-8.67361737988404e-19,0,4.33680868994202e-19,0,2.16840434497101e-19,-2.60208521396521e-18,8.67361737988404e-19,8.67361737988404e-19,-1.35525271560688e-18,-1.38777878078145e-17,6.93889390390723e-18,6.93889390390723e-18,-2.08166817117217e-17,0,0,0,6.93889390390723e-18,1.38777878078145e-17,6.93889390390723e-18,1.38777878078145e-17,2.77555756156289e-17,-1.38777878078145e-17,-1.38777878078145e-17,3.46944695195361e-18,-3.46944695195361e-17,0,5.20417042793042e-18,-4.16333634234434e-17,2.08166817117217e-17,-5.55111512312578e-17,1.38777878078145e-17,-2.77555756156289e-17,1.38777878078145e-17,0,3.03034507209698e-17,2.77555756156289e-17,0,0,-1.11022302462516e-16,0.621818195480399,-0.0515759072144277,-0.0208286838530592,0.0347470237346817
1.90819582357449e-16,-3.46944695195361e-17,0,-2.16840434497101e-19,-1.73472347597681e-18,-2.60208521396521e-18,-8.67361737988404e-19,0,8.67361737988404e-19,-8.67361737988404e-19,1.78893358460108e-18,2.60208521396521e-18,8.67361737988404e-19,4.77048955893622e-18,8.67361737988404e-19,-8.67361737988404e-19,0,8.67361737988404e-19,-4.33680868994202e-19,1.73472347597681e-18,2.16840434497101e-19,0,0,-4.33680868994202e-19,2.71050543121376e-20,2.16840434497101e-19,-9.21571846612679e-19,0,1.73472347597681e-18,8.67361737988404e-19,4.77048955893622e-18,-1.38777878078145e-17,-2.77555756156289e-17,1.38777878078145e-17,-5.55111512312578e-17,-1.38777878078145e-17,0,0,-6.93889390390723e-18,-5.20417042793042e-18,1.38777878078145e-17,5.55111512312578e-17,1.04083408558608e-17,2.60208521396521e-18,2.77555756156289e-17,-1.73472347597681e-18,1.38777878078145e-17,-1.38777878078145e-17,3.12250225675825e-17,2.77555756156289e-17,6.93889390390723e-18,0,0,0,-6.93889390390723e-18,-2.08166817117217e-17,-1.38777878078145e-17,-1.38777878078145e-17,-2.77555756156289e-17,0,-2.77555756156289e-17,-0.911738803465512,0.0278256851538742,0.0332220087378205
-6.93889390390723e-17,1.38777878078145e-17,-8.67361737988404e-19,1.73472347597681e-18,0,9.75781955236954e-19,0,8.67361737988404e-19,8.67361737988404e-19,-5.42101086242752e-20,-8.67361737988404e-19,8.67361737988404e-19,1.73472347597681e-18,-3.03576608295941e-18,-1.73472347597681e-18,2.16840434497101e-19,3.25260651745651e-19,8.67361737988404e-19,-8.67361737988404e-19,0,-8.67361737988404e-19,0,-8.67361737988404e-19,0,1.73472347597681e-18,-8.67361737988404e-19,4.33680868994202e-19,2.16840434497101e-19,1.73472347597681e-18,0,4.33680868994202e-19,-6.93889390390723e-18,-2.08166817117217e-17,-1.21430643318376e-17,9.54097911787244e-18,0,0,1.38777878078145e-17,-1.38777878078145e-17,-2.77555756156289e-17,-1.30104260698261e-18,-2.08166817117217e-17,1.49619899803e-17,6.93889390390723e-18,0,-1.38777878078145e-17,1.38777878078145e-17,3.46944695195361e-18,0,6.93889390390723e-18,-3.81639164714898e-17,2.77555756156289e-17,2.77555756156289e-17,-1.38777878078145e-17,1.38777878078145e-17,0,-2.77555756156289e-17,1.73472347597681e-17,2.77555756156289e-17,0,-5.55111512312578e-17,-5.55111512312578e-17,0.180773347972889,0.00763561642546795
0,-5.55111512312578e-17,-8.67361737988404e-19,-1.30104260698261e-18,8.67361737988404e-19,1.76182853028894e-19,0,-1.30104260698261e-18,-1.62630325872826e-18,-1.30104260698261e-18,1.73472347597681e-18,4.33680868994202e-19,-4.33680868994202e-19,0,-1.0842021724855e-19,0,-1.73472347597681e-18,-3.79470760369927e-19,-8.67361737988404e-19,3.79470760369927e-19,-4.06575814682064e-19,-1.0842021724855e-19,0,1.73472347597681e-18,-1.30104260698261e-18,0,4.33680868994202e-19,0,-1.30104260698261e-18,0,-4.33680868994202e-19,8.67361737988404e-19,5.20417042793042e-18,3.46944695195361e-18,0,0,1.38777878078145e-17,-1.38777878078145e-17,0,3.46944695195361e-18,0,3.46944695195361e-18,-6.93889390390723e-18,-1.73472347597681e-18,-3.46944695195361e-18,3.46944695195361e-18,-6.93889390390723e-18,0,-3.74049749507499e-18,-3.46944695195361e-18,-4.16333634234434e-17,-1.38777878078145e-17,-3.46944695195361e-18,4.16333634234434e-17,-2.77555756156289e-17,-1.38777878078145e-17,1.38777878078145e-17,1.73472347597681e-17,-2.77555756156289e-17,-6.93889390390723e-18,2.77555756156289e-17,0,0,-0.317002154047411
